Domain Code,Domain,Area Code,Area,Element Code,Element,Item Code,Item,Year Code,Year,Unit,Value,Flag,Flag Description
"RFN","Fertilizers by Nutrient","2","Afghanistan","5157","Agricultural Use","3102","Nutrient nitrogen N (total)","2016","2016","tonnes","96670.85","Fb","Data obtained as a balance"
"RFN","Fertilizers by Nutrient","2","Afghanistan","5157","Agricultural Use","3103","Nutrient phosphate P2O5 (total)","2016","2016","tonnes","8991.27","Fb","Data obtained as a balance"
"RFN","Fertilizers by Nutrient","3","Albania","5157","Agricultural Use","3102","Nutrient nitrogen N (total)","2016","2016","tonnes","42896.08","E","Expert sources from FAO (including other divisions)"
"RFN","Fertilizers by Nutrient","3","Albania","5157","Agricultural Use","3103","Nutrient phosphate P2O5 (total)","2016","2016","tonnes","34544.12","E","Expert sources from FAO (including other divisions)"
"RFN","Fertilizers by Nutrient","4","Algeria","5157","Agricultural Use","3102","Nutrient nitrogen N (total)","2016","2016","tonnes","70200","Fm","Manual Estimation"
"RFN","Fertilizers by Nutrient","4","Algeria","5157","Agricultural Use","3103","Nutrient phosphate P2O5 (total)","2016","2016","tonnes","58800","Fm","Manual Estimation"
"RFN","Fertilizers by Nutrient","7","Angola","5157","Agricultural Use","3102","Nutrient nitrogen N (total)","2016","2016","tonnes","20776.77","Fb","Data obtained as a balance"
"RFN","Fertilizers by Nutrient","7","Angola","5157","Agricultural Use","3103","Nutrient phosphate P2O5 (total)","2016","2016","tonnes","6554.24","Fb","Data obtained as a balance"
"RFN","Fertilizers by Nutrient","8","Antigua and Barbuda","5157","Agricultural Use","3102","Nutrient nitrogen N (total)","2016","2016","tonnes","61.16","E","Expert sources from FAO (including other divisions)"
"RFN","Fertilizers by Nutrient","8","Antigua and Barbuda","5157","Agricultural Use","3103","Nutrient phosphate P2O5 (total)","2016","2016","tonnes","6.66","Fb","Data obtained as a balance"
"RFN","Fertilizers by Nutrient","9","Argentina","5157","Agricultural Use","3102","Nutrient nitrogen N (total)","2016","2016","tonnes","929563.81","A","Aggregate, may include official, semi-official, estimated or calculated data"
"RFN","Fertilizers by Nutrient","9","Argentina","5157","Agricultural Use","3103","Nutrient phosphate P2O5 (total)","2016","2016","tonnes","649175.19","A","Aggregate, may include official, semi-official, estimated or calculated data"
"RFN","Fertilizers by Nutrient","1","Armenia","5157","Agricultural Use","3102","Nutrient nitrogen N (total)","2016","2016","tonnes","146292.2","W","Data reported on country official publications or web sites (Official) or trade country files"
"RFN","Fertilizers by Nutrient","1","Armenia","5157","Agricultural Use","3103","Nutrient phosphate P2O5 (total)","2016","2016","tonnes","324","W","Data reported on country official publications or web sites (Official) or trade country files"
"RFN","Fertilizers by Nutrient","10","Australia","5157","Agricultural Use","3102","Nutrient nitrogen N (total)","2016","2016","tonnes","1054102.77","A","Aggregate, may include official, semi-official, estimated or calculated data"
"RFN","Fertilizers by Nutrient","10","Australia","5157","Agricultural Use","3103","Nutrient phosphate P2O5 (total)","2016","2016","tonnes","1000147.54","A","Aggregate, may include official, semi-official, estimated or calculated data"
"RFN","Fertilizers by Nutrient","11","Austria","5157","Agricultural Use","3102","Nutrient nitrogen N (total)","2016","2016","tonnes","117840","Fm","Manual Estimation"
"RFN","Fertilizers by Nutrient","11","Austria","5157","Agricultural Use","3103","Nutrient phosphate P2O5 (total)","2016","2016","tonnes","32304","Fm","Manual Estimation"
"RFN","Fertilizers by Nutrient","52","Azerbaijan","5157","Agricultural Use","3102","Nutrient nitrogen N (total)","2016","2016","tonnes","26370.6","Fb","Data obtained as a balance"
"RFN","Fertilizers by Nutrient","52","Azerbaijan","5157","Agricultural Use","3103","Nutrient phosphate P2O5 (total)","2016","2016","tonnes","501","Qm","Official data from questionnaires and/or national sources and/or COMTRADE (reporters)"
"RFN","Fertilizers by Nutrient","12","Bahamas","5157","Agricultural Use","3102","Nutrient nitrogen N (total)","2016","2016","tonnes","662.96","Fb","Data obtained as a balance"
"RFN","Fertilizers by Nutrient","12","Bahamas","5157","Agricultural Use","3103","Nutrient phosphate P2O5 (total)","2016","2016","tonnes","403.54","Fb","Data obtained as a balance"
"RFN","Fertilizers by Nutrient","13","Bahrain","5157","Agricultural Use","3102","Nutrient nitrogen N (total)","2016","2016","tonnes","206.59","E","Expert sources from FAO (including other divisions)"
"RFN","Fertilizers by Nutrient","13","Bahrain","5157","Agricultural Use","3103","Nutrient phosphate P2O5 (total)","2016","2016","tonnes","158.15","Fb","Data obtained as a balance"
"RFN","Fertilizers by Nutrient","16","Bangladesh","5157","Agricultural Use","3102","Nutrient nitrogen N (total)","2016","2016","tonnes","1172300","Qm","Official data from questionnaires and/or national sources and/or COMTRADE (reporters)"
"RFN","Fertilizers by Nutrient","16","Bangladesh","5157","Agricultural Use","3103","Nutrient phosphate P2O5 (total)","2016","2016","tonnes","638480","Qm","Official data from questionnaires and/or national sources and/or COMTRADE (reporters)"
"RFN","Fertilizers by Nutrient","14","Barbados","5157","Agricultural Use","3102","Nutrient nitrogen N (total)","2016","2016","tonnes","281.15","Fb","Data obtained as a balance"
"RFN","Fertilizers by Nutrient","14","Barbados","5157","Agricultural Use","3103","Nutrient phosphate P2O5 (total)","2016","2016","tonnes","336.89","Fb","Data obtained as a balance"
"RFN","Fertilizers by Nutrient","57","Belarus","5157","Agricultural Use","3102","Nutrient nitrogen N (total)","2016","2016","tonnes","348508","Qm","Official data from questionnaires and/or national sources and/or COMTRADE (reporters)"
"RFN","Fertilizers by Nutrient","57","Belarus","5157","Agricultural Use","3103","Nutrient phosphate P2O5 (total)","2016","2016","tonnes","76252","Qm","Official data from questionnaires and/or national sources and/or COMTRADE (reporters)"
"RFN","Fertilizers by Nutrient","255","Belgium","5157","Agricultural Use","3102","Nutrient nitrogen N (total)","2016","2016","tonnes","171826","E","Expert sources from FAO (including other divisions)"
"RFN","Fertilizers by Nutrient","255","Belgium","5157","Agricultural Use","3103","Nutrient phosphate P2O5 (total)","2016","2016","tonnes","18757","E","Expert sources from FAO (including other divisions)"
"RFN","Fertilizers by Nutrient","23","Belize","5157","Agricultural Use","3102","Nutrient nitrogen N (total)","2016","2016","tonnes","16811.64","Fb","Data obtained as a balance"
"RFN","Fertilizers by Nutrient","23","Belize","5157","Agricultural Use","3103","Nutrient phosphate P2O5 (total)","2016","2016","tonnes","12739.19","Fb","Data obtained as a balance"
"RFN","Fertilizers by Nutrient","53","Benin","5157","Agricultural Use","3102","Nutrient nitrogen N (total)","2016","2016","tonnes","14183.61","Fb","Data obtained as a balance"
"RFN","Fertilizers by Nutrient","53","Benin","5157","Agricultural Use","3103","Nutrient phosphate P2O5 (total)","2016","2016","tonnes","6850.97","Fb","Data obtained as a balance"
"RFN","Fertilizers by Nutrient","17","Bermuda","5157","Agricultural Use","3102","Nutrient nitrogen N (total)","2016","2016","tonnes","22.26","Qm","Official data from questionnaires and/or national sources and/or COMTRADE (reporters)"
"RFN","Fertilizers by Nutrient","17","Bermuda","5157","Agricultural Use","3103","Nutrient phosphate P2O5 (total)","2016","2016","tonnes","15.7","Qm","Official data from questionnaires and/or national sources and/or COMTRADE (reporters)"
"RFN","Fertilizers by Nutrient","18","Bhutan","5157","Agricultural Use","3102","Nutrient nitrogen N (total)","2016","2016","tonnes","791.68","A","Aggregate, may include official, semi-official, estimated or calculated data"
"RFN","Fertilizers by Nutrient","18","Bhutan","5157","Agricultural Use","3103","Nutrient phosphate P2O5 (total)","2016","2016","tonnes","313.43","A","Aggregate, may include official, semi-official, estimated or calculated data"
"RFN","Fertilizers by Nutrient","19","Bolivia (Plurinational State of)","5157","Agricultural Use","3102","Nutrient nitrogen N (total)","2016","2016","tonnes","20107.52","Fb","Data obtained as a balance"
"RFN","Fertilizers by Nutrient","19","Bolivia (Plurinational State of)","5157","Agricultural Use","3103","Nutrient phosphate P2O5 (total)","2016","2016","tonnes","10731.95","Fb","Data obtained as a balance"
"RFN","Fertilizers by Nutrient","80","Bosnia and Herzegovina","5157","Agricultural Use","3102","Nutrient nitrogen N (total)","2016","2016","tonnes","86574.41","Fb","Data obtained as a balance"
"RFN","Fertilizers by Nutrient","80","Bosnia and Herzegovina","5157","Agricultural Use","3103","Nutrient phosphate P2O5 (total)","2016","2016","tonnes","11557.82","Fb","Data obtained as a balance"
"RFN","Fertilizers by Nutrient","20","Botswana","5157","Agricultural Use","3102","Nutrient nitrogen N (total)","2016","2016","tonnes","21156","Fm","Manual Estimation"
"RFN","Fertilizers by Nutrient","20","Botswana","5157","Agricultural Use","3103","Nutrient phosphate P2O5 (total)","2016","2016","tonnes","1123","Fm","Manual Estimation"
"RFN","Fertilizers by Nutrient","21","Brazil","5157","Agricultural Use","3102","Nutrient nitrogen N (total)","2016","2016","tonnes","4352698.04","Fb","Data obtained as a balance"
"RFN","Fertilizers by Nutrient","21","Brazil","5157","Agricultural Use","3103","Nutrient phosphate P2O5 (total)","2016","2016","tonnes","4543768.1","Fb","Data obtained as a balance"
"RFN","Fertilizers by Nutrient","26","Brunei Darussalam","5157","Agricultural Use","3102","Nutrient nitrogen N (total)","2016","2016","tonnes","243","Fm","Manual Estimation"
"RFN","Fertilizers by Nutrient","26","Brunei Darussalam","5157","Agricultural Use","3103","Nutrient phosphate P2O5 (total)","2016","2016","tonnes","232","Fm","Manual Estimation"
"RFN","Fertilizers by Nutrient","27","Bulgaria","5157","Agricultural Use","3102","Nutrient nitrogen N (total)","2016","2016","tonnes","333620","Fm","Manual Estimation"
"RFN","Fertilizers by Nutrient","27","Bulgaria","5157","Agricultural Use","3103","Nutrient phosphate P2O5 (total)","2016","2016","tonnes","65231","Fm","Manual Estimation"
"RFN","Fertilizers by Nutrient","233","Burkina Faso","5157","Agricultural Use","3102","Nutrient nitrogen N (total)","2016","2016","tonnes","67638.22","Fb","Data obtained as a balance"
"RFN","Fertilizers by Nutrient","233","Burkina Faso","5157","Agricultural Use","3103","Nutrient phosphate P2O5 (total)","2016","2016","tonnes","30393.64","Fb","Data obtained as a balance"
"RFN","Fertilizers by Nutrient","29","Burundi","5157","Agricultural Use","3102","Nutrient nitrogen N (total)","2016","2016","tonnes","8086.77","Fb","Data obtained as a balance"
"RFN","Fertilizers by Nutrient","29","Burundi","5157","Agricultural Use","3103","Nutrient phosphate P2O5 (total)","2016","2016","tonnes","4939.49","Fb","Data obtained as a balance"
"RFN","Fertilizers by Nutrient","115","Cambodia","5157","Agricultural Use","3102","Nutrient nitrogen N (total)","2016","2016","tonnes","55834.08","Fb","Data obtained as a balance"
"RFN","Fertilizers by Nutrient","115","Cambodia","5157","Agricultural Use","3103","Nutrient phosphate P2O5 (total)","2016","2016","tonnes","24590.03","Fb","Data obtained as a balance"
"RFN","Fertilizers by Nutrient","32","Cameroon","5157","Agricultural Use","3102","Nutrient nitrogen N (total)","2016","2016","tonnes","39758.69","Fb","Data obtained as a balance"
"RFN","Fertilizers by Nutrient","32","Cameroon","5157","Agricultural Use","3103","Nutrient phosphate P2O5 (total)","2016","2016","tonnes","12895.23","Fb","Data obtained as a balance"
"RFN","Fertilizers by Nutrient","33","Canada","5157","Agricultural Use","3102","Nutrient nitrogen N (total)","2016","2016","tonnes","2461000","Qm","Official data from questionnaires and/or national sources and/or COMTRADE (reporters)"
"RFN","Fertilizers by Nutrient","33","Canada","5157","Agricultural Use","3103","Nutrient phosphate P2O5 (total)","2016","2016","tonnes","971000","Qm","Official data from questionnaires and/or national sources and/or COMTRADE (reporters)"
"RFN","Fertilizers by Nutrient","37","Central African Republic","5157","Agricultural Use","3102","Nutrient nitrogen N (total)","2016","2016","tonnes","210.43","Fb","Data obtained as a balance"
"RFN","Fertilizers by Nutrient","37","Central African Republic","5157","Agricultural Use","3103","Nutrient phosphate P2O5 (total)","2016","2016","tonnes","80.2","Fb","Data obtained as a balance"
"RFN","Fertilizers by Nutrient","40","Chile","5157","Agricultural Use","3102","Nutrient nitrogen N (total)","2016","2016","tonnes","263680.38","A","Aggregate, may include official, semi-official, estimated or calculated data"
"RFN","Fertilizers by Nutrient","40","Chile","5157","Agricultural Use","3103","Nutrient phosphate P2O5 (total)","2016","2016","tonnes","79115.61","A","Aggregate, may include official, semi-official, estimated or calculated data"
"RFN","Fertilizers by Nutrient","351","China","5157","Agricultural Use","3102","Nutrient nitrogen N (total)","2016","2016","tonnes","30624152.78","A","Aggregate, may include official, semi-official, estimated or calculated data"
"RFN","Fertilizers by Nutrient","351","China","5157","Agricultural Use","3103","Nutrient phosphate P2O5 (total)","2016","2016","tonnes","12778633.67","A","Aggregate, may include official, semi-official, estimated or calculated data"
"RFN","Fertilizers by Nutrient","96","China, Hong Kong SAR","5157","Agricultural Use","3102","Nutrient nitrogen N (total)","2016","2016","tonnes","7416.02","Fb","Data obtained as a balance"
"RFN","Fertilizers by Nutrient","96","China, Hong Kong SAR","5157","Agricultural Use","3103","Nutrient phosphate P2O5 (total)","2016","2016","tonnes","368.25","Fb","Data obtained as a balance"
"RFN","Fertilizers by Nutrient","128","China, Macao SAR","5157","Agricultural Use","3102","Nutrient nitrogen N (total)","2016","2016","tonnes","0","Qm","Official data from questionnaires and/or national sources and/or COMTRADE (reporters)"
"RFN","Fertilizers by Nutrient","128","China, Macao SAR","5157","Agricultural Use","3103","Nutrient phosphate P2O5 (total)","2016","2016","tonnes","0","Qm","Official data from questionnaires and/or national sources and/or COMTRADE (reporters)"
"RFN","Fertilizers by Nutrient","41","China, mainland","5157","Agricultural Use","3102","Nutrient nitrogen N (total)","2016","2016","tonnes","30462000","Fm","Manual Estimation"
"RFN","Fertilizers by Nutrient","41","China, mainland","5157","Agricultural Use","3103","Nutrient phosphate P2O5 (total)","2016","2016","tonnes","12650377.46","Fb","Data obtained as a balance"
"RFN","Fertilizers by Nutrient","214","China, Taiwan Province of","5157","Agricultural Use","3102","Nutrient nitrogen N (total)","2016","2016","tonnes","154736.76","A","Aggregate, may include official, semi-official, estimated or calculated data"
"RFN","Fertilizers by Nutrient","214","China, Taiwan Province of","5157","Agricultural Use","3103","Nutrient phosphate P2O5 (total)","2016","2016","tonnes","127887.97","A","Aggregate, may include official, semi-official, estimated or calculated data"
"RFN","Fertilizers by Nutrient","44","Colombia","5157","Agricultural Use","3102","Nutrient nitrogen N (total)","2016","2016","tonnes","566529.01","Fb","Data obtained as a balance"
"RFN","Fertilizers by Nutrient","44","Colombia","5157","Agricultural Use","3103","Nutrient phosphate P2O5 (total)","2016","2016","tonnes","205967.86","Fb","Data obtained as a balance"
"RFN","Fertilizers by Nutrient","46","Congo","5157","Agricultural Use","3102","Nutrient nitrogen N (total)","2016","2016","tonnes","318.76","Fb","Data obtained as a balance"
"RFN","Fertilizers by Nutrient","46","Congo","5157","Agricultural Use","3103","Nutrient phosphate P2O5 (total)","2016","2016","tonnes","283.69","Fb","Data obtained as a balance"
"RFN","Fertilizers by Nutrient","47","Cook Islands","5157","Agricultural Use","3102","Nutrient nitrogen N (total)","2016","2016","tonnes","32.22","Fb","Data obtained as a balance"
"RFN","Fertilizers by Nutrient","47","Cook Islands","5157","Agricultural Use","3103","Nutrient phosphate P2O5 (total)","2016","2016","tonnes","7.28","Fb","Data obtained as a balance"
"RFN","Fertilizers by Nutrient","48","Costa Rica","5157","Agricultural Use","3102","Nutrient nitrogen N (total)","2016","2016","tonnes","98943.49","Fb","Data obtained as a balance"
"RFN","Fertilizers by Nutrient","48","Costa Rica","5157","Agricultural Use","3103","Nutrient phosphate P2O5 (total)","2016","2016","tonnes","10723.58","Fb","Data obtained as a balance"
"RFN","Fertilizers by Nutrient","107","Côte d'Ivoire","5157","Agricultural Use","3102","Nutrient nitrogen N (total)","2016","2016","tonnes","46627.3","Fb","Data obtained as a balance"
"RFN","Fertilizers by Nutrient","107","Côte d'Ivoire","5157","Agricultural Use","3103","Nutrient phosphate P2O5 (total)","2016","2016","tonnes","53843.6","Fb","Data obtained as a balance"
"RFN","Fertilizers by Nutrient","98","Croatia","5157","Agricultural Use","3102","Nutrient nitrogen N (total)","2016","2016","tonnes","72320","Qm","Official data from questionnaires and/or national sources and/or COMTRADE (reporters)"
"RFN","Fertilizers by Nutrient","98","Croatia","5157","Agricultural Use","3103","Nutrient phosphate P2O5 (total)","2016","2016","tonnes","13241","Qm","Official data from questionnaires and/or national sources and/or COMTRADE (reporters)"
"RFN","Fertilizers by Nutrient","49","Cuba","5157","Agricultural Use","3102","Nutrient nitrogen N (total)","2016","2016","tonnes","63639.66","Fb","Data obtained as a balance"
"RFN","Fertilizers by Nutrient","49","Cuba","5157","Agricultural Use","3103","Nutrient phosphate P2O5 (total)","2016","2016","tonnes","28739.57","Fb","Data obtained as a balance"
"RFN","Fertilizers by Nutrient","50","Cyprus","5157","Agricultural Use","3102","Nutrient nitrogen N (total)","2016","2016","tonnes","7968","Qm","Official data from questionnaires and/or national sources and/or COMTRADE (reporters)"
"RFN","Fertilizers by Nutrient","50","Cyprus","5157","Agricultural Use","3103","Nutrient phosphate P2O5 (total)","2016","2016","tonnes","5380","Qm","Official data from questionnaires and/or national sources and/or COMTRADE (reporters)"
"RFN","Fertilizers by Nutrient","167","Czechia","5157","Agricultural Use","3102","Nutrient nitrogen N (total)","2016","2016","tonnes","404184","Qm","Official data from questionnaires and/or national sources and/or COMTRADE (reporters)"
"RFN","Fertilizers by Nutrient","167","Czechia","5157","Agricultural Use","3103","Nutrient phosphate P2O5 (total)","2016","2016","tonnes","47446","Qm","Official data from questionnaires and/or national sources and/or COMTRADE (reporters)"
"RFN","Fertilizers by Nutrient","250","Democratic Republic of the Congo","5157","Agricultural Use","3102","Nutrient nitrogen N (total)","2016","2016","tonnes","11312.6","Fb","Data obtained as a balance"
"RFN","Fertilizers by Nutrient","250","Democratic Republic of the Congo","5157","Agricultural Use","3103","Nutrient phosphate P2O5 (total)","2016","2016","tonnes","1510.65","Fb","Data obtained as a balance"
"RFN","Fertilizers by Nutrient","54","Denmark","5157","Agricultural Use","3102","Nutrient nitrogen N (total)","2016","2016","tonnes","228139","Fm","Manual Estimation"
"RFN","Fertilizers by Nutrient","54","Denmark","5157","Agricultural Use","3103","Nutrient phosphate P2O5 (total)","2016","2016","tonnes","33987","Fm","Manual Estimation"
"RFN","Fertilizers by Nutrient","55","Dominica","5157","Agricultural Use","3102","Nutrient nitrogen N (total)","2016","2016","tonnes","93.38","Fb","Data obtained as a balance"
"RFN","Fertilizers by Nutrient","55","Dominica","5157","Agricultural Use","3103","Nutrient phosphate P2O5 (total)","2016","2016","tonnes","251.9","Fb","Data obtained as a balance"
"RFN","Fertilizers by Nutrient","56","Dominican Republic","5157","Agricultural Use","3102","Nutrient nitrogen N (total)","2016","2016","tonnes","42024.82","Fb","Data obtained as a balance"
"RFN","Fertilizers by Nutrient","56","Dominican Republic","5157","Agricultural Use","3103","Nutrient phosphate P2O5 (total)","2016","2016","tonnes","19666.5","Fb","Data obtained as a balance"
"RFN","Fertilizers by Nutrient","58","Ecuador","5157","Agricultural Use","3102","Nutrient nitrogen N (total)","2016","2016","tonnes","172511.79","A","Aggregate, may include official, semi-official, estimated or calculated data"
"RFN","Fertilizers by Nutrient","58","Ecuador","5157","Agricultural Use","3103","Nutrient phosphate P2O5 (total)","2016","2016","tonnes","35325.15","A","Aggregate, may include official, semi-official, estimated or calculated data"
"RFN","Fertilizers by Nutrient","59","Egypt","5157","Agricultural Use","3102","Nutrient nitrogen N (total)","2016","2016","tonnes","1369790","Fm","Manual Estimation"
"RFN","Fertilizers by Nutrient","59","Egypt","5157","Agricultural Use","3103","Nutrient phosphate P2O5 (total)","2016","2016","tonnes","301444.5","Fm","Manual Estimation"
"RFN","Fertilizers by Nutrient","60","El Salvador","5157","Agricultural Use","3102","Nutrient nitrogen N (total)","2016","2016","tonnes","54190.58","Fb","Data obtained as a balance"
"RFN","Fertilizers by Nutrient","60","El Salvador","5157","Agricultural Use","3103","Nutrient phosphate P2O5 (total)","2016","2016","tonnes","9295.99","Fb","Data obtained as a balance"
"RFN","Fertilizers by Nutrient","178","Eritrea","5157","Agricultural Use","3102","Nutrient nitrogen N (total)","2016","2016","tonnes","1922.55","Fb","Data obtained as a balance"
"RFN","Fertilizers by Nutrient","178","Eritrea","5157","Agricultural Use","3103","Nutrient phosphate P2O5 (total)","2016","2016","tonnes","0","Fb","Data obtained as a balance"
"RFN","Fertilizers by Nutrient","63","Estonia","5157","Agricultural Use","3102","Nutrient nitrogen N (total)","2016","2016","tonnes","36390","Qm","Official data from questionnaires and/or national sources and/or COMTRADE (reporters)"
"RFN","Fertilizers by Nutrient","63","Estonia","5157","Agricultural Use","3103","Nutrient phosphate P2O5 (total)","2016","2016","tonnes","7889","Qm","Official data from questionnaires and/or national sources and/or COMTRADE (reporters)"
"RFN","Fertilizers by Nutrient","238","Ethiopia","5157","Agricultural Use","3102","Nutrient nitrogen N (total)","2016","2016","tonnes","154857.12","Fb","Data obtained as a balance"
"RFN","Fertilizers by Nutrient","238","Ethiopia","5157","Agricultural Use","3103","Nutrient phosphate P2O5 (total)","2016","2016","tonnes","63042.4","Fb","Data obtained as a balance"
"RFN","Fertilizers by Nutrient","66","Fiji","5157","Agricultural Use","3102","Nutrient nitrogen N (total)","2016","2016","tonnes","4219.75","Fb","Data obtained as a balance"
"RFN","Fertilizers by Nutrient","66","Fiji","5157","Agricultural Use","3103","Nutrient phosphate P2O5 (total)","2016","2016","tonnes","2143.7","Fb","Data obtained as a balance"
"RFN","Fertilizers by Nutrient","67","Finland","5157","Agricultural Use","3102","Nutrient nitrogen N (total)","2016","2016","tonnes","138128","Qm","Official data from questionnaires and/or national sources and/or COMTRADE (reporters)"
"RFN","Fertilizers by Nutrient","67","Finland","5157","Agricultural Use","3103","Nutrient phosphate P2O5 (total)","2016","2016","tonnes","22524.79","Qm","Official data from questionnaires and/or national sources and/or COMTRADE (reporters)"
"RFN","Fertilizers by Nutrient","68","France","5157","Agricultural Use","3102","Nutrient nitrogen N (total)","2016","2016","tonnes","2191727","Qm","Official data from questionnaires and/or national sources and/or COMTRADE (reporters)"
"RFN","Fertilizers by Nutrient","68","France","5157","Agricultural Use","3103","Nutrient phosphate P2O5 (total)","2016","2016","tonnes","409585","Qm","Official data from questionnaires and/or national sources and/or COMTRADE (reporters)"
"RFN","Fertilizers by Nutrient","70","French Polynesia","5157","Agricultural Use","3102","Nutrient nitrogen N (total)","2016","2016","tonnes","343.26","Fb","Data obtained as a balance"
"RFN","Fertilizers by Nutrient","70","French Polynesia","5157","Agricultural Use","3103","Nutrient phosphate P2O5 (total)","2016","2016","tonnes","179.79","Fb","Data obtained as a balance"
"RFN","Fertilizers by Nutrient","74","Gabon","5157","Agricultural Use","3102","Nutrient nitrogen N (total)","2016","2016","tonnes","3664.79","Fb","Data obtained as a balance"
"RFN","Fertilizers by Nutrient","74","Gabon","5157","Agricultural Use","3103","Nutrient phosphate P2O5 (total)","2016","2016","tonnes","3445.57","Fb","Data obtained as a balance"
"RFN","Fertilizers by Nutrient","75","Gambia","5157","Agricultural Use","3102","Nutrient nitrogen N (total)","2016","2016","tonnes","128.67","Fb","Data obtained as a balance"
"RFN","Fertilizers by Nutrient","75","Gambia","5157","Agricultural Use","3103","Nutrient phosphate P2O5 (total)","2016","2016","tonnes","119.23","Fb","Data obtained as a balance"
"RFN","Fertilizers by Nutrient","73","Georgia","5157","Agricultural Use","3102","Nutrient nitrogen N (total)","2016","2016","tonnes","51000","Qm","Official data from questionnaires and/or national sources and/or COMTRADE (reporters)"
"RFN","Fertilizers by Nutrient","73","Georgia","5157","Agricultural Use","3103","Nutrient phosphate P2O5 (total)","2016","2016","tonnes","5360.19","Fb","Data obtained as a balance"
"RFN","Fertilizers by Nutrient","79","Germany","5157","Agricultural Use","3102","Nutrient nitrogen N (total)","2016","2016","tonnes","1658837","Qm","Official data from questionnaires and/or national sources and/or COMTRADE (reporters)"
"RFN","Fertilizers by Nutrient","79","Germany","5157","Agricultural Use","3103","Nutrient phosphate P2O5 (total)","2016","2016","tonnes","231079","Qm","Official data from questionnaires and/or national sources and/or COMTRADE (reporters)"
"RFN","Fertilizers by Nutrient","81","Ghana","5157","Agricultural Use","3102","Nutrient nitrogen N (total)","2016","2016","tonnes","63124","Qm","Official data from questionnaires and/or national sources and/or COMTRADE (reporters)"
"RFN","Fertilizers by Nutrient","81","Ghana","5157","Agricultural Use","3103","Nutrient phosphate P2O5 (total)","2016","2016","tonnes","15203","Qm","Official data from questionnaires and/or national sources and/or COMTRADE (reporters)"
"RFN","Fertilizers by Nutrient","84","Greece","5157","Agricultural Use","3102","Nutrient nitrogen N (total)","2016","2016","tonnes","173123","Fm","Manual Estimation"
"RFN","Fertilizers by Nutrient","84","Greece","5157","Agricultural Use","3103","Nutrient phosphate P2O5 (total)","2016","2016","tonnes","51914","Fm","Manual Estimation"
"RFN","Fertilizers by Nutrient","89","Guatemala","5157","Agricultural Use","3102","Nutrient nitrogen N (total)","2016","2016","tonnes","167286.43","Fb","Data obtained as a balance"
"RFN","Fertilizers by Nutrient","89","Guatemala","5157","Agricultural Use","3103","Nutrient phosphate P2O5 (total)","2016","2016","tonnes","39426.04","Fb","Data obtained as a balance"
"RFN","Fertilizers by Nutrient","90","Guinea","5157","Agricultural Use","3102","Nutrient nitrogen N (total)","2016","2016","tonnes","6383.38","Fb","Data obtained as a balance"
"RFN","Fertilizers by Nutrient","90","Guinea","5157","Agricultural Use","3103","Nutrient phosphate P2O5 (total)","2016","2016","tonnes","1062","Fb","Data obtained as a balance"
"RFN","Fertilizers by Nutrient","91","Guyana","5157","Agricultural Use","3102","Nutrient nitrogen N (total)","2016","2016","tonnes","11114.66","Fb","Data obtained as a balance"
"RFN","Fertilizers by Nutrient","91","Guyana","5157","Agricultural Use","3103","Nutrient phosphate P2O5 (total)","2016","2016","tonnes","6534.23","Fb","Data obtained as a balance"
"RFN","Fertilizers by Nutrient","95","Honduras","5157","Agricultural Use","3102","Nutrient nitrogen N (total)","2016","2016","tonnes","96084.4","Fb","Data obtained as a balance"
"RFN","Fertilizers by Nutrient","95","Honduras","5157","Agricultural Use","3103","Nutrient phosphate P2O5 (total)","2016","2016","tonnes","34653.49","Fb","Data obtained as a balance"
"RFN","Fertilizers by Nutrient","97","Hungary","5157","Agricultural Use","3102","Nutrient nitrogen N (total)","2016","2016","tonnes","366043","Qm","Official data from questionnaires and/or national sources and/or COMTRADE (reporters)"
"RFN","Fertilizers by Nutrient","97","Hungary","5157","Agricultural Use","3103","Nutrient phosphate P2O5 (total)","2016","2016","tonnes","91655","Qm","Official data from questionnaires and/or national sources and/or COMTRADE (reporters)"
"RFN","Fertilizers by Nutrient","99","Iceland","5157","Agricultural Use","3102","Nutrient nitrogen N (total)","2016","2016","tonnes","10831","Qm","Official data from questionnaires and/or national sources and/or COMTRADE (reporters)"
"RFN","Fertilizers by Nutrient","99","Iceland","5157","Agricultural Use","3103","Nutrient phosphate P2O5 (total)","2016","2016","tonnes","6842","Qm","Official data from questionnaires and/or national sources and/or COMTRADE (reporters)"
"RFN","Fertilizers by Nutrient","100","India","5157","Agricultural Use","3102","Nutrient nitrogen N (total)","2016","2016","tonnes","16735900","W","Data reported on country official publications or web sites (Official) or trade country files"
"RFN","Fertilizers by Nutrient","100","India","5157","Agricultural Use","3103","Nutrient phosphate P2O5 (total)","2016","2016","tonnes","6705500","W","Data reported on country official publications or web sites (Official) or trade country files"
"RFN","Fertilizers by Nutrient","101","Indonesia","5157","Agricultural Use","3102","Nutrient nitrogen N (total)","2016","2016","tonnes","2964027.98","A","Aggregate, may include official, semi-official, estimated or calculated data"
"RFN","Fertilizers by Nutrient","101","Indonesia","5157","Agricultural Use","3103","Nutrient phosphate P2O5 (total)","2016","2016","tonnes","838157.04","A","Aggregate, may include official, semi-official, estimated or calculated data"
"RFN","Fertilizers by Nutrient","102","Iran (Islamic Republic of)","5157","Agricultural Use","3102","Nutrient nitrogen N (total)","2016","2016","tonnes","564911.75","E","Expert sources from FAO (including other divisions)"
"RFN","Fertilizers by Nutrient","102","Iran (Islamic Republic of)","5157","Agricultural Use","3103","Nutrient phosphate P2O5 (total)","2016","2016","tonnes","97966.2","E","Expert sources from FAO (including other divisions)"
"RFN","Fertilizers by Nutrient","103","Iraq","5157","Agricultural Use","3102","Nutrient nitrogen N (total)","2016","2016","tonnes","104472.28","Qm","Official data from questionnaires and/or national sources and/or COMTRADE (reporters)"
"RFN","Fertilizers by Nutrient","103","Iraq","5157","Agricultural Use","3103","Nutrient phosphate P2O5 (total)","2016","2016","tonnes","37670.88","Qm","Official data from questionnaires and/or national sources and/or COMTRADE (reporters)"
"RFN","Fertilizers by Nutrient","104","Ireland","5157","Agricultural Use","3102","Nutrient nitrogen N (total)","2016","2016","tonnes","302390.51","A","Aggregate, may include official, semi-official, estimated or calculated data"
"RFN","Fertilizers by Nutrient","104","Ireland","5157","Agricultural Use","3103","Nutrient phosphate P2O5 (total)","2016","2016","tonnes","113165.9","A","Aggregate, may include official, semi-official, estimated or calculated data"
"RFN","Fertilizers by Nutrient","105","Israel","5157","Agricultural Use","3102","Nutrient nitrogen N (total)","2016","2016","tonnes","46800","Qm","Official data from questionnaires and/or national sources and/or COMTRADE (reporters)"
"RFN","Fertilizers by Nutrient","105","Israel","5157","Agricultural Use","3103","Nutrient phosphate P2O5 (total)","2016","2016","tonnes","5800","Qm","Official data from questionnaires and/or national sources and/or COMTRADE (reporters)"
"RFN","Fertilizers by Nutrient","106","Italy","5157","Agricultural Use","3102","Nutrient nitrogen N (total)","2016","2016","tonnes","602730","Fm","Manual Estimation"
"RFN","Fertilizers by Nutrient","106","Italy","5157","Agricultural Use","3103","Nutrient phosphate P2O5 (total)","2016","2016","tonnes","162260","Fm","Manual Estimation"
"RFN","Fertilizers by Nutrient","109","Jamaica","5157","Agricultural Use","3102","Nutrient nitrogen N (total)","2016","2016","tonnes","3133.25","Fb","Data obtained as a balance"
"RFN","Fertilizers by Nutrient","109","Jamaica","5157","Agricultural Use","3103","Nutrient phosphate P2O5 (total)","2016","2016","tonnes","2496.92","Fb","Data obtained as a balance"
"RFN","Fertilizers by Nutrient","110","Japan","5157","Agricultural Use","3102","Nutrient nitrogen N (total)","2016","2016","tonnes","380300","Fm","Manual Estimation"
"RFN","Fertilizers by Nutrient","110","Japan","5157","Agricultural Use","3103","Nutrient phosphate P2O5 (total)","2016","2016","tonnes","339900","Fm","Manual Estimation"
"RFN","Fertilizers by Nutrient","112","Jordan","5157","Agricultural Use","3102","Nutrient nitrogen N (total)","2016","2016","tonnes","22113","Qm","Official data from questionnaires and/or national sources and/or COMTRADE (reporters)"
"RFN","Fertilizers by Nutrient","112","Jordan","5157","Agricultural Use","3103","Nutrient phosphate P2O5 (total)","2016","2016","tonnes","918","Qm","Official data from questionnaires and/or national sources and/or COMTRADE (reporters)"
"RFN","Fertilizers by Nutrient","108","Kazakhstan","5157","Agricultural Use","3102","Nutrient nitrogen N (total)","2016","2016","tonnes","91532","Fm","Manual Estimation"
"RFN","Fertilizers by Nutrient","108","Kazakhstan","5157","Agricultural Use","3103","Nutrient phosphate P2O5 (total)","2016","2016","tonnes","33111","Fm","Manual Estimation"
"RFN","Fertilizers by Nutrient","114","Kenya","5157","Agricultural Use","3102","Nutrient nitrogen N (total)","2016","2016","tonnes","99552.72","Fb","Data obtained as a balance"
"RFN","Fertilizers by Nutrient","114","Kenya","5157","Agricultural Use","3103","Nutrient phosphate P2O5 (total)","2016","2016","tonnes","61276.84","Fb","Data obtained as a balance"
"RFN","Fertilizers by Nutrient","118","Kuwait","5157","Agricultural Use","3102","Nutrient nitrogen N (total)","2016","2016","tonnes","0","Z","When the Fertilizer Utilization Account (FUA) does not balance due to utilization from stockpiles, apparent consumption has been set to zero"
"RFN","Fertilizers by Nutrient","118","Kuwait","5157","Agricultural Use","3103","Nutrient phosphate P2O5 (total)","2016","2016","tonnes","1753.8","Fb","Data obtained as a balance"
"RFN","Fertilizers by Nutrient","113","Kyrgyzstan","5157","Agricultural Use","3102","Nutrient nitrogen N (total)","2016","2016","tonnes","35217","Qm","Official data from questionnaires and/or national sources and/or COMTRADE (reporters)"
"RFN","Fertilizers by Nutrient","113","Kyrgyzstan","5157","Agricultural Use","3103","Nutrient phosphate P2O5 (total)","2016","2016","tonnes","5089","Qm","Official data from questionnaires and/or national sources and/or COMTRADE (reporters)"
"RFN","Fertilizers by Nutrient","119","Latvia","5157","Agricultural Use","3102","Nutrient nitrogen N (total)","2016","2016","tonnes","78285","Qm","Official data from questionnaires and/or national sources and/or COMTRADE (reporters)"
"RFN","Fertilizers by Nutrient","119","Latvia","5157","Agricultural Use","3103","Nutrient phosphate P2O5 (total)","2016","2016","tonnes","25447","Qm","Official data from questionnaires and/or national sources and/or COMTRADE (reporters)"
"RFN","Fertilizers by Nutrient","121","Lebanon","5157","Agricultural Use","3102","Nutrient nitrogen N (total)","2016","2016","tonnes","20758.87","Fb","Data obtained as a balance"
"RFN","Fertilizers by Nutrient","121","Lebanon","5157","Agricultural Use","3103","Nutrient phosphate P2O5 (total)","2016","2016","tonnes","60781.56","Fb","Data obtained as a balance"
"RFN","Fertilizers by Nutrient","124","Libya","5157","Agricultural Use","3102","Nutrient nitrogen N (total)","2016","2016","tonnes","15600","Fm","Manual Estimation"
"RFN","Fertilizers by Nutrient","124","Libya","5157","Agricultural Use","3103","Nutrient phosphate P2O5 (total)","2016","2016","tonnes","10688.06","Fb","Data obtained as a balance"
"RFN","Fertilizers by Nutrient","126","Lithuania","5157","Agricultural Use","3102","Nutrient nitrogen N (total)","2016","2016","tonnes","160237","Qm","Official data from questionnaires and/or national sources and/or COMTRADE (reporters)"
"RFN","Fertilizers by Nutrient","126","Lithuania","5157","Agricultural Use","3103","Nutrient phosphate P2O5 (total)","2016","2016","tonnes","50884","Qm","Official data from questionnaires and/or national sources and/or COMTRADE (reporters)"
"RFN","Fertilizers by Nutrient","256","Luxembourg","5157","Agricultural Use","3102","Nutrient nitrogen N (total)","2016","2016","tonnes","13731","Qm","Official data from questionnaires and/or national sources and/or COMTRADE (reporters)"
"RFN","Fertilizers by Nutrient","256","Luxembourg","5157","Agricultural Use","3103","Nutrient phosphate P2O5 (total)","2016","2016","tonnes","1124","Qm","Official data from questionnaires and/or national sources and/or COMTRADE (reporters)"
"RFN","Fertilizers by Nutrient","129","Madagascar","5157","Agricultural Use","3102","Nutrient nitrogen N (total)","2016","2016","tonnes","0","Z","When the Fertilizer Utilization Account (FUA) does not balance due to utilization from stockpiles, apparent consumption has been set to zero"
"RFN","Fertilizers by Nutrient","129","Madagascar","5157","Agricultural Use","3103","Nutrient phosphate P2O5 (total)","2016","2016","tonnes","4311.81","Fb","Data obtained as a balance"
"RFN","Fertilizers by Nutrient","130","Malawi","5157","Agricultural Use","3102","Nutrient nitrogen N (total)","2016","2016","tonnes","71207.7","Fm","Manual Estimation"
"RFN","Fertilizers by Nutrient","130","Malawi","5157","Agricultural Use","3103","Nutrient phosphate P2O5 (total)","2016","2016","tonnes","14406.82","Fb","Data obtained as a balance"
"RFN","Fertilizers by Nutrient","131","Malaysia","5157","Agricultural Use","3102","Nutrient nitrogen N (total)","2016","2016","tonnes","280611.06","Fb","Data obtained as a balance"
"RFN","Fertilizers by Nutrient","131","Malaysia","5157","Agricultural Use","3103","Nutrient phosphate P2O5 (total)","2016","2016","tonnes","288397.14","Fb","Data obtained as a balance"
"RFN","Fertilizers by Nutrient","132","Maldives","5157","Agricultural Use","3102","Nutrient nitrogen N (total)","2016","2016","tonnes","338.68","Fb","Data obtained as a balance"
"RFN","Fertilizers by Nutrient","132","Maldives","5157","Agricultural Use","3103","Nutrient phosphate P2O5 (total)","2016","2016","tonnes","13.19","Fb","Data obtained as a balance"
"RFN","Fertilizers by Nutrient","133","Mali","5157","Agricultural Use","3102","Nutrient nitrogen N (total)","2016","2016","tonnes","167377.41","Fb","Data obtained as a balance"
"RFN","Fertilizers by Nutrient","133","Mali","5157","Agricultural Use","3103","Nutrient phosphate P2O5 (total)","2016","2016","tonnes","76050","Fb","Data obtained as a balance"
"RFN","Fertilizers by Nutrient","134","Malta","5157","Agricultural Use","3102","Nutrient nitrogen N (total)","2016","2016","tonnes","2122.4","Fb","Data obtained as a balance"
"RFN","Fertilizers by Nutrient","134","Malta","5157","Agricultural Use","3103","Nutrient phosphate P2O5 (total)","2016","2016","tonnes","127.79","Fb","Data obtained as a balance"
"RFN","Fertilizers by Nutrient","127","Marshall Islands","5157","Agricultural Use","3102","Nutrient nitrogen N (total)","2016","2016","tonnes","0","Z","When the Fertilizer Utilization Account (FUA) does not balance due to utilization from stockpiles, apparent consumption has been set to zero"
"RFN","Fertilizers by Nutrient","127","Marshall Islands","5157","Agricultural Use","3103","Nutrient phosphate P2O5 (total)","2016","2016","tonnes","0","Z","When the Fertilizer Utilization Account (FUA) does not balance due to utilization from stockpiles, apparent consumption has been set to zero"
"RFN","Fertilizers by Nutrient","137","Mauritius","5157","Agricultural Use","3102","Nutrient nitrogen N (total)","2016","2016","tonnes","9055.13","A","Aggregate, may include official, semi-official, estimated or calculated data"
"RFN","Fertilizers by Nutrient","137","Mauritius","5157","Agricultural Use","3103","Nutrient phosphate P2O5 (total)","2016","2016","tonnes","4302.93","A","Aggregate, may include official, semi-official, estimated or calculated data"
"RFN","Fertilizers by Nutrient","138","Mexico","5157","Agricultural Use","3102","Nutrient nitrogen N (total)","2016","2016","tonnes","1491238.88","A","Aggregate, may include official, semi-official, estimated or calculated data"
"RFN","Fertilizers by Nutrient","138","Mexico","5157","Agricultural Use","3103","Nutrient phosphate P2O5 (total)","2016","2016","tonnes","502768","A","Aggregate, may include official, semi-official, estimated or calculated data"
"RFN","Fertilizers by Nutrient","141","Mongolia","5157","Agricultural Use","3102","Nutrient nitrogen N (total)","2016","2016","tonnes","22963.61","Fb","Data obtained as a balance"
"RFN","Fertilizers by Nutrient","141","Mongolia","5157","Agricultural Use","3103","Nutrient phosphate P2O5 (total)","2016","2016","tonnes","1580.46","Fb","Data obtained as a balance"
"RFN","Fertilizers by Nutrient","273","Montenegro","5157","Agricultural Use","3102","Nutrient nitrogen N (total)","2016","2016","tonnes","1323.69","Fb","Data obtained as a balance"
"RFN","Fertilizers by Nutrient","273","Montenegro","5157","Agricultural Use","3103","Nutrient phosphate P2O5 (total)","2016","2016","tonnes","620.88","Fb","Data obtained as a balance"
"RFN","Fertilizers by Nutrient","143","Morocco","5157","Agricultural Use","3102","Nutrient nitrogen N (total)","2016","2016","tonnes","243242.7","Fm","Manual Estimation"
"RFN","Fertilizers by Nutrient","143","Morocco","5157","Agricultural Use","3103","Nutrient phosphate P2O5 (total)","2016","2016","tonnes","223949.2","Fm","Manual Estimation"
"RFN","Fertilizers by Nutrient","144","Mozambique","5157","Agricultural Use","3102","Nutrient nitrogen N (total)","2016","2016","tonnes","19192.49","Fb","Data obtained as a balance"
"RFN","Fertilizers by Nutrient","144","Mozambique","5157","Agricultural Use","3103","Nutrient phosphate P2O5 (total)","2016","2016","tonnes","2429.98","Fb","Data obtained as a balance"
"RFN","Fertilizers by Nutrient","28","Myanmar","5157","Agricultural Use","3102","Nutrient nitrogen N (total)","2016","2016","tonnes","138500.87","Fb","Data obtained as a balance"
"RFN","Fertilizers by Nutrient","28","Myanmar","5157","Agricultural Use","3103","Nutrient phosphate P2O5 (total)","2016","2016","tonnes","30982.83","Fb","Data obtained as a balance"
"RFN","Fertilizers by Nutrient","147","Namibia","5157","Agricultural Use","3102","Nutrient nitrogen N (total)","2016","2016","tonnes","19648.46","Fb","Data obtained as a balance"
"RFN","Fertilizers by Nutrient","147","Namibia","5157","Agricultural Use","3103","Nutrient phosphate P2O5 (total)","2016","2016","tonnes","905.22","Fb","Data obtained as a balance"
"RFN","Fertilizers by Nutrient","148","Nauru","5157","Agricultural Use","3102","Nutrient nitrogen N (total)","2016","2016","tonnes","0","Fm","Manual Estimation"
"RFN","Fertilizers by Nutrient","148","Nauru","5157","Agricultural Use","3103","Nutrient phosphate P2O5 (total)","2016","2016","tonnes","0","Fm","Manual Estimation"
"RFN","Fertilizers by Nutrient","149","Nepal","5157","Agricultural Use","3102","Nutrient nitrogen N (total)","2016","2016","tonnes","98716.06","E","Expert sources from FAO (including other divisions)"
"RFN","Fertilizers by Nutrient","149","Nepal","5157","Agricultural Use","3103","Nutrient phosphate P2O5 (total)","2016","2016","tonnes","43545.67","E","Expert sources from FAO (including other divisions)"
"RFN","Fertilizers by Nutrient","150","Netherlands","5157","Agricultural Use","3102","Nutrient nitrogen N (total)","2016","2016","tonnes","261053","Qm","Official data from questionnaires and/or national sources and/or COMTRADE (reporters)"
"RFN","Fertilizers by Nutrient","150","Netherlands","5157","Agricultural Use","3103","Nutrient phosphate P2O5 (total)","2016","2016","tonnes","9134","Qm","Official data from questionnaires and/or national sources and/or COMTRADE (reporters)"
"RFN","Fertilizers by Nutrient","153","New Caledonia","5157","Agricultural Use","3102","Nutrient nitrogen N (total)","2016","2016","tonnes","562","Qm","Official data from questionnaires and/or national sources and/or COMTRADE (reporters)"
"RFN","Fertilizers by Nutrient","153","New Caledonia","5157","Agricultural Use","3103","Nutrient phosphate P2O5 (total)","2016","2016","tonnes","396","Qm","Official data from questionnaires and/or national sources and/or COMTRADE (reporters)"
"RFN","Fertilizers by Nutrient","156","New Zealand","5157","Agricultural Use","3102","Nutrient nitrogen N (total)","2016","2016","tonnes","433000","Fm","Manual Estimation"
"RFN","Fertilizers by Nutrient","156","New Zealand","5157","Agricultural Use","3103","Nutrient phosphate P2O5 (total)","2016","2016","tonnes","540390","Fm","Manual Estimation"
"RFN","Fertilizers by Nutrient","157","Nicaragua","5157","Agricultural Use","3102","Nutrient nitrogen N (total)","2016","2016","tonnes","59452.96","Fb","Data obtained as a balance"
"RFN","Fertilizers by Nutrient","157","Nicaragua","5157","Agricultural Use","3103","Nutrient phosphate P2O5 (total)","2016","2016","tonnes","15619.62","Fb","Data obtained as a balance"
"RFN","Fertilizers by Nutrient","158","Niger","5157","Agricultural Use","3102","Nutrient nitrogen N (total)","2016","2016","tonnes","6440.36","Fb","Data obtained as a balance"
"RFN","Fertilizers by Nutrient","158","Niger","5157","Agricultural Use","3103","Nutrient phosphate P2O5 (total)","2016","2016","tonnes","155.08","Fb","Data obtained as a balance"
"RFN","Fertilizers by Nutrient","159","Nigeria","5157","Agricultural Use","3102","Nutrient nitrogen N (total)","2016","2016","tonnes","288746.46","Fb","Data obtained as a balance"
"RFN","Fertilizers by Nutrient","159","Nigeria","5157","Agricultural Use","3103","Nutrient phosphate P2O5 (total)","2016","2016","tonnes","60871.1","Fb","Data obtained as a balance"
"RFN","Fertilizers by Nutrient","154","North Macedonia","5157","Agricultural Use","3102","Nutrient nitrogen N (total)","2016","2016","tonnes","22523.97","Fb","Data obtained as a balance"
"RFN","Fertilizers by Nutrient","154","North Macedonia","5157","Agricultural Use","3103","Nutrient phosphate P2O5 (total)","2016","2016","tonnes","5938.82","Fb","Data obtained as a balance"
"RFN","Fertilizers by Nutrient","162","Norway","5157","Agricultural Use","3102","Nutrient nitrogen N (total)","2016","2016","tonnes","102195","Qm","Official data from questionnaires and/or national sources and/or COMTRADE (reporters)"
"RFN","Fertilizers by Nutrient","162","Norway","5157","Agricultural Use","3103","Nutrient phosphate P2O5 (total)","2016","2016","tonnes","20828","Qm","Official data from questionnaires and/or national sources and/or COMTRADE (reporters)"
"RFN","Fertilizers by Nutrient","221","Oman","5157","Agricultural Use","3102","Nutrient nitrogen N (total)","2016","2016","tonnes","9535","A","Aggregate, may include official, semi-official, estimated or calculated data"
"RFN","Fertilizers by Nutrient","221","Oman","5157","Agricultural Use","3103","Nutrient phosphate P2O5 (total)","2016","2016","tonnes","3523.38","Fb","Data obtained as a balance"
"RFN","Fertilizers by Nutrient","165","Pakistan","5157","Agricultural Use","3102","Nutrient nitrogen N (total)","2016","2016","tonnes","3241907","Qm","Official data from questionnaires and/or national sources and/or COMTRADE (reporters)"
"RFN","Fertilizers by Nutrient","165","Pakistan","5157","Agricultural Use","3103","Nutrient phosphate P2O5 (total)","2016","2016","tonnes","1209145","Qm","Official data from questionnaires and/or national sources and/or COMTRADE (reporters)"
"RFN","Fertilizers by Nutrient","166","Panama","5157","Agricultural Use","3102","Nutrient nitrogen N (total)","2016","2016","tonnes","9545.45","Fb","Data obtained as a balance"
"RFN","Fertilizers by Nutrient","166","Panama","5157","Agricultural Use","3103","Nutrient phosphate P2O5 (total)","2016","2016","tonnes","7852.57","Fb","Data obtained as a balance"
"RFN","Fertilizers by Nutrient","168","Papua New Guinea","5157","Agricultural Use","3102","Nutrient nitrogen N (total)","2016","2016","tonnes","21004.24","Fb","Data obtained as a balance"
"RFN","Fertilizers by Nutrient","168","Papua New Guinea","5157","Agricultural Use","3103","Nutrient phosphate P2O5 (total)","2016","2016","tonnes","1913.24","Fb","Data obtained as a balance"
"RFN","Fertilizers by Nutrient","169","Paraguay","5157","Agricultural Use","3102","Nutrient nitrogen N (total)","2016","2016","tonnes","120237.09","Fb","Data obtained as a balance"
"RFN","Fertilizers by Nutrient","169","Paraguay","5157","Agricultural Use","3103","Nutrient phosphate P2O5 (total)","2016","2016","tonnes","223020.77","Fb","Data obtained as a balance"
"RFN","Fertilizers by Nutrient","170","Peru","5157","Agricultural Use","3102","Nutrient nitrogen N (total)","2016","2016","tonnes","289320.41","A","Aggregate, may include official, semi-official, estimated or calculated data"
"RFN","Fertilizers by Nutrient","170","Peru","5157","Agricultural Use","3103","Nutrient phosphate P2O5 (total)","2016","2016","tonnes","87698.04","A","Aggregate, may include official, semi-official, estimated or calculated data"
"RFN","Fertilizers by Nutrient","171","Philippines","5157","Agricultural Use","3102","Nutrient nitrogen N (total)","2016","2016","tonnes","624136.72","Fb","Data obtained as a balance"
"RFN","Fertilizers by Nutrient","171","Philippines","5157","Agricultural Use","3103","Nutrient phosphate P2O5 (total)","2016","2016","tonnes","125799.3","Fb","Data obtained as a balance"
"RFN","Fertilizers by Nutrient","173","Poland","5157","Agricultural Use","3102","Nutrient nitrogen N (total)","2016","2016","tonnes","1150600","Qm","Official data from questionnaires and/or national sources and/or COMTRADE (reporters)"
"RFN","Fertilizers by Nutrient","173","Poland","5157","Agricultural Use","3103","Nutrient phosphate P2O5 (total)","2016","2016","tonnes","343400","Qm","Official data from questionnaires and/or national sources and/or COMTRADE (reporters)"
"RFN","Fertilizers by Nutrient","174","Portugal","5157","Agricultural Use","3102","Nutrient nitrogen N (total)","2016","2016","tonnes","105459.7","Qm","Official data from questionnaires and/or national sources and/or COMTRADE (reporters)"
"RFN","Fertilizers by Nutrient","174","Portugal","5157","Agricultural Use","3103","Nutrient phosphate P2O5 (total)","2016","2016","tonnes","49146.24","Qm","Official data from questionnaires and/or national sources and/or COMTRADE (reporters)"
"RFN","Fertilizers by Nutrient","179","Qatar","5157","Agricultural Use","3102","Nutrient nitrogen N (total)","2016","2016","tonnes","96600","A","Aggregate, may include official, semi-official, estimated or calculated data"
"RFN","Fertilizers by Nutrient","179","Qatar","5157","Agricultural Use","3103","Nutrient phosphate P2O5 (total)","2016","2016","tonnes","0","A","Aggregate, may include official, semi-official, estimated or calculated data"
"RFN","Fertilizers by Nutrient","117","Republic of Korea","5157","Agricultural Use","3102","Nutrient nitrogen N (total)","2016","2016","tonnes","228215.85","E","Expert sources from FAO (including other divisions)"
"RFN","Fertilizers by Nutrient","117","Republic of Korea","5157","Agricultural Use","3103","Nutrient phosphate P2O5 (total)","2016","2016","tonnes","148928.61","E","Expert sources from FAO (including other divisions)"
"RFN","Fertilizers by Nutrient","146","Republic of Moldova","5157","Agricultural Use","3102","Nutrient nitrogen N (total)","2016","2016","tonnes","92438","Qm","Official data from questionnaires and/or national sources and/or COMTRADE (reporters)"
"RFN","Fertilizers by Nutrient","146","Republic of Moldova","5157","Agricultural Use","3103","Nutrient phosphate P2O5 (total)","2016","2016","tonnes","1168","Qm","Official data from questionnaires and/or national sources and/or COMTRADE (reporters)"
"RFN","Fertilizers by Nutrient","183","Romania","5157","Agricultural Use","3102","Nutrient nitrogen N (total)","2016","2016","tonnes","344311","Qm","Official data from questionnaires and/or national sources and/or COMTRADE (reporters)"
"RFN","Fertilizers by Nutrient","183","Romania","5157","Agricultural Use","3103","Nutrient phosphate P2O5 (total)","2016","2016","tonnes","126189","Qm","Official data from questionnaires and/or national sources and/or COMTRADE (reporters)"
"RFN","Fertilizers by Nutrient","185","Russian Federation","5157","Agricultural Use","3102","Nutrient nitrogen N (total)","2016","2016","tonnes","1445212","Qm","Official data from questionnaires and/or national sources and/or COMTRADE (reporters)"
"RFN","Fertilizers by Nutrient","185","Russian Federation","5157","Agricultural Use","3103","Nutrient phosphate P2O5 (total)","2016","2016","tonnes","510163","Qm","Official data from questionnaires and/or national sources and/or COMTRADE (reporters)"
"RFN","Fertilizers by Nutrient","184","Rwanda","5157","Agricultural Use","3102","Nutrient nitrogen N (total)","2016","2016","tonnes","4334.06","Fb","Data obtained as a balance"
"RFN","Fertilizers by Nutrient","184","Rwanda","5157","Agricultural Use","3103","Nutrient phosphate P2O5 (total)","2016","2016","tonnes","6852.09","Fb","Data obtained as a balance"
"RFN","Fertilizers by Nutrient","188","Saint Kitts and Nevis","5157","Agricultural Use","3102","Nutrient nitrogen N (total)","2016","2016","tonnes","16.56","Fb","Data obtained as a balance"
"RFN","Fertilizers by Nutrient","188","Saint Kitts and Nevis","5157","Agricultural Use","3103","Nutrient phosphate P2O5 (total)","2016","2016","tonnes","13.75","Fb","Data obtained as a balance"
"RFN","Fertilizers by Nutrient","189","Saint Lucia","5157","Agricultural Use","3102","Nutrient nitrogen N (total)","2016","2016","tonnes","283.23","Fb","Data obtained as a balance"
"RFN","Fertilizers by Nutrient","189","Saint Lucia","5157","Agricultural Use","3103","Nutrient phosphate P2O5 (total)","2016","2016","tonnes","118.93","Fb","Data obtained as a balance"
"RFN","Fertilizers by Nutrient","244","Samoa","5157","Agricultural Use","3102","Nutrient nitrogen N (total)","2016","2016","tonnes","12.67","Fb","Data obtained as a balance"
"RFN","Fertilizers by Nutrient","244","Samoa","5157","Agricultural Use","3103","Nutrient phosphate P2O5 (total)","2016","2016","tonnes","1.64","Fb","Data obtained as a balance"
"RFN","Fertilizers by Nutrient","194","Saudi Arabia","5157","Agricultural Use","3102","Nutrient nitrogen N (total)","2016","2016","tonnes","210700","Fm","Manual Estimation"
"RFN","Fertilizers by Nutrient","194","Saudi Arabia","5157","Agricultural Use","3103","Nutrient phosphate P2O5 (total)","2016","2016","tonnes","94500","Fm","Manual Estimation"
"RFN","Fertilizers by Nutrient","195","Senegal","5157","Agricultural Use","3102","Nutrient nitrogen N (total)","2016","2016","tonnes","28300","Fm","Manual Estimation"
"RFN","Fertilizers by Nutrient","195","Senegal","5157","Agricultural Use","3103","Nutrient phosphate P2O5 (total)","2016","2016","tonnes","15360","Fm","Manual Estimation"
"RFN","Fertilizers by Nutrient","272","Serbia","5157","Agricultural Use","3102","Nutrient nitrogen N (total)","2016","2016","tonnes","243994.77","Fb","Data obtained as a balance"
"RFN","Fertilizers by Nutrient","272","Serbia","5157","Agricultural Use","3103","Nutrient phosphate P2O5 (total)","2016","2016","tonnes","236598.08","Fb","Data obtained as a balance"
"RFN","Fertilizers by Nutrient","196","Seychelles","5157","Agricultural Use","3102","Nutrient nitrogen N (total)","2016","2016","tonnes","47.45","Fb","Data obtained as a balance"
"RFN","Fertilizers by Nutrient","196","Seychelles","5157","Agricultural Use","3103","Nutrient phosphate P2O5 (total)","2016","2016","tonnes","11.92","Fb","Data obtained as a balance"
"RFN","Fertilizers by Nutrient","200","Singapore","5157","Agricultural Use","3102","Nutrient nitrogen N (total)","2016","2016","tonnes","16877.28","Fb","Data obtained as a balance"
"RFN","Fertilizers by Nutrient","200","Singapore","5157","Agricultural Use","3103","Nutrient phosphate P2O5 (total)","2016","2016","tonnes","0","Z","When the Fertilizer Utilization Account (FUA) does not balance due to utilization from stockpiles, apparent consumption has been set to zero"
"RFN","Fertilizers by Nutrient","199","Slovakia","5157","Agricultural Use","3102","Nutrient nitrogen N (total)","2016","2016","tonnes","126236","Qm","Official data from questionnaires and/or national sources and/or COMTRADE (reporters)"
"RFN","Fertilizers by Nutrient","199","Slovakia","5157","Agricultural Use","3103","Nutrient phosphate P2O5 (total)","2016","2016","tonnes","24297","Qm","Official data from questionnaires and/or national sources and/or COMTRADE (reporters)"
"RFN","Fertilizers by Nutrient","198","Slovenia","5157","Agricultural Use","3102","Nutrient nitrogen N (total)","2016","2016","tonnes","27097","Qm","Official data from questionnaires and/or national sources and/or COMTRADE (reporters)"
"RFN","Fertilizers by Nutrient","198","Slovenia","5157","Agricultural Use","3103","Nutrient phosphate P2O5 (total)","2016","2016","tonnes","9161","Qm","Official data from questionnaires and/or national sources and/or COMTRADE (reporters)"
"RFN","Fertilizers by Nutrient","202","South Africa","5157","Agricultural Use","3102","Nutrient nitrogen N (total)","2016","2016","tonnes","402792","Fm","Manual Estimation"
"RFN","Fertilizers by Nutrient","202","South Africa","5157","Agricultural Use","3103","Nutrient phosphate P2O5 (total)","2016","2016","tonnes","208366","Fm","Manual Estimation"
"RFN","Fertilizers by Nutrient","203","Spain","5157","Agricultural Use","3102","Nutrient nitrogen N (total)","2016","2016","tonnes","982155","Qm","Official data from questionnaires and/or national sources and/or COMTRADE (reporters)"
"RFN","Fertilizers by Nutrient","203","Spain","5157","Agricultural Use","3103","Nutrient phosphate P2O5 (total)","2016","2016","tonnes","414974","Qm","Official data from questionnaires and/or national sources and/or COMTRADE (reporters)"
"RFN","Fertilizers by Nutrient","38","Sri Lanka","5157","Agricultural Use","3102","Nutrient nitrogen N (total)","2016","2016","tonnes","117776.99","Fb","Data obtained as a balance"
"RFN","Fertilizers by Nutrient","38","Sri Lanka","5157","Agricultural Use","3103","Nutrient phosphate P2O5 (total)","2016","2016","tonnes","28797.6","Fb","Data obtained as a balance"
"RFN","Fertilizers by Nutrient","276","Sudan","5157","Agricultural Use","3102","Nutrient nitrogen N (total)","2016","2016","tonnes","178844.07","Fb","Data obtained as a balance"
"RFN","Fertilizers by Nutrient","276","Sudan","5157","Agricultural Use","3103","Nutrient phosphate P2O5 (total)","2016","2016","tonnes","9417.64","Fb","Data obtained as a balance"
"RFN","Fertilizers by Nutrient","207","Suriname","5157","Agricultural Use","3102","Nutrient nitrogen N (total)","2016","2016","tonnes","12155.77","Fb","Data obtained as a balance"
"RFN","Fertilizers by Nutrient","207","Suriname","5157","Agricultural Use","3103","Nutrient phosphate P2O5 (total)","2016","2016","tonnes","1092.79","Fb","Data obtained as a balance"
"RFN","Fertilizers by Nutrient","210","Sweden","5157","Agricultural Use","3102","Nutrient nitrogen N (total)","2016","2016","tonnes","186042.81","Qm","Official data from questionnaires and/or national sources and/or COMTRADE (reporters)"
"RFN","Fertilizers by Nutrient","210","Sweden","5157","Agricultural Use","3103","Nutrient phosphate P2O5 (total)","2016","2016","tonnes","30029","Qm","Official data from questionnaires and/or national sources and/or COMTRADE (reporters)"
"RFN","Fertilizers by Nutrient","211","Switzerland","5157","Agricultural Use","3102","Nutrient nitrogen N (total)","2016","2016","tonnes","52560.98","A","Aggregate, may include official, semi-official, estimated or calculated data"
"RFN","Fertilizers by Nutrient","211","Switzerland","5157","Agricultural Use","3103","Nutrient phosphate P2O5 (total)","2016","2016","tonnes","14370.93","A","Aggregate, may include official, semi-official, estimated or calculated data"
"RFN","Fertilizers by Nutrient","212","Syrian Arab Republic","5157","Agricultural Use","3102","Nutrient nitrogen N (total)","2016","2016","tonnes","17772.84","Fb","Data obtained as a balance"
"RFN","Fertilizers by Nutrient","212","Syrian Arab Republic","5157","Agricultural Use","3103","Nutrient phosphate P2O5 (total)","2016","2016","tonnes","0","Z","When the Fertilizer Utilization Account (FUA) does not balance due to utilization from stockpiles, apparent consumption has been set to zero"
"RFN","Fertilizers by Nutrient","208","Tajikistan","5157","Agricultural Use","3102","Nutrient nitrogen N (total)","2016","2016","tonnes","52455","Qm","Official data from questionnaires and/or national sources and/or COMTRADE (reporters)"
"RFN","Fertilizers by Nutrient","208","Tajikistan","5157","Agricultural Use","3103","Nutrient phosphate P2O5 (total)","2016","2016","tonnes","1786.92","Fb","Data obtained as a balance"
"RFN","Fertilizers by Nutrient","216","Thailand","5157","Agricultural Use","3102","Nutrient nitrogen N (total)","2016","2016","tonnes","1481566.39","Fb","Data obtained as a balance"
"RFN","Fertilizers by Nutrient","216","Thailand","5157","Agricultural Use","3103","Nutrient phosphate P2O5 (total)","2016","2016","tonnes","322184.73","Fb","Data obtained as a balance"
"RFN","Fertilizers by Nutrient","217","Togo","5157","Agricultural Use","3102","Nutrient nitrogen N (total)","2016","2016","tonnes","12341.96","Fb","Data obtained as a balance"
"RFN","Fertilizers by Nutrient","217","Togo","5157","Agricultural Use","3103","Nutrient phosphate P2O5 (total)","2016","2016","tonnes","10344.86","Fb","Data obtained as a balance"
"RFN","Fertilizers by Nutrient","219","Tonga","5157","Agricultural Use","3102","Nutrient nitrogen N (total)","2016","2016","tonnes","100.54","Fb","Data obtained as a balance"
"RFN","Fertilizers by Nutrient","219","Tonga","5157","Agricultural Use","3103","Nutrient phosphate P2O5 (total)","2016","2016","tonnes","63.67","Fb","Data obtained as a balance"
"RFN","Fertilizers by Nutrient","220","Trinidad and Tobago","5157","Agricultural Use","3102","Nutrient nitrogen N (total)","2016","2016","tonnes","6500","Fm","Manual Estimation"
"RFN","Fertilizers by Nutrient","220","Trinidad and Tobago","5157","Agricultural Use","3103","Nutrient phosphate P2O5 (total)","2016","2016","tonnes","500","Fm","Manual Estimation"
"RFN","Fertilizers by Nutrient","222","Tunisia","5157","Agricultural Use","3102","Nutrient nitrogen N (total)","2016","2016","tonnes","58109.61","Fb","Data obtained as a balance"
"RFN","Fertilizers by Nutrient","222","Tunisia","5157","Agricultural Use","3103","Nutrient phosphate P2O5 (total)","2016","2016","tonnes","16077.17","Fb","Data obtained as a balance"
"RFN","Fertilizers by Nutrient","223","Turkey","5157","Agricultural Use","3102","Nutrient nitrogen N (total)","2016","2016","tonnes","1896479","Qm","Official data from questionnaires and/or national sources and/or COMTRADE (reporters)"
"RFN","Fertilizers by Nutrient","223","Turkey","5157","Agricultural Use","3103","Nutrient phosphate P2O5 (total)","2016","2016","tonnes","792490","Qm","Official data from questionnaires and/or national sources and/or COMTRADE (reporters)"
"RFN","Fertilizers by Nutrient","226","Uganda","5157","Agricultural Use","3102","Nutrient nitrogen N (total)","2016","2016","tonnes","8538.46","Fb","Data obtained as a balance"
"RFN","Fertilizers by Nutrient","226","Uganda","5157","Agricultural Use","3103","Nutrient phosphate P2O5 (total)","2016","2016","tonnes","2401.27","Fb","Data obtained as a balance"
"RFN","Fertilizers by Nutrient","230","Ukraine","5157","Agricultural Use","3102","Nutrient nitrogen N (total)","2016","2016","tonnes","1197380","Qm","Official data from questionnaires and/or national sources and/or COMTRADE (reporters)"
"RFN","Fertilizers by Nutrient","230","Ukraine","5157","Agricultural Use","3103","Nutrient phosphate P2O5 (total)","2016","2016","tonnes","287010","Qm","Official data from questionnaires and/or national sources and/or COMTRADE (reporters)"
"RFN","Fertilizers by Nutrient","225","United Arab Emirates","5157","Agricultural Use","3102","Nutrient nitrogen N (total)","2016","2016","tonnes","15146.37","A","Aggregate, may include official, semi-official, estimated or calculated data"
"RFN","Fertilizers by Nutrient","225","United Arab Emirates","5157","Agricultural Use","3103","Nutrient phosphate P2O5 (total)","2016","2016","tonnes","4150.96","A","Aggregate, may include official, semi-official, estimated or calculated data"
"RFN","Fertilizers by Nutrient","229","United Kingdom of Great Britain and Northern Ireland","5157","Agricultural Use","3102","Nutrient nitrogen N (total)","2016","2016","tonnes","1040000","Qm","Official data from questionnaires and/or national sources and/or COMTRADE (reporters)"
"RFN","Fertilizers by Nutrient","229","United Kingdom of Great Britain and Northern Ireland","5157","Agricultural Use","3103","Nutrient phosphate P2O5 (total)","2016","2016","tonnes","197940","Qm","Official data from questionnaires and/or national sources and/or COMTRADE (reporters)"
"RFN","Fertilizers by Nutrient","215","United Republic of Tanzania","5157","Agricultural Use","3102","Nutrient nitrogen N (total)","2016","2016","tonnes","107567.09","Fb","Data obtained as a balance"
"RFN","Fertilizers by Nutrient","215","United Republic of Tanzania","5157","Agricultural Use","3103","Nutrient phosphate P2O5 (total)","2016","2016","tonnes","54640.7","Fb","Data obtained as a balance"
"RFN","Fertilizers by Nutrient","231","United States of America","5157","Agricultural Use","3102","Nutrient nitrogen N (total)","2016","2016","tonnes","11798322","Qm","Official data from questionnaires and/or national sources and/or COMTRADE (reporters)"
"RFN","Fertilizers by Nutrient","231","United States of America","5157","Agricultural Use","3103","Nutrient phosphate P2O5 (total)","2016","2016","tonnes","4061689","Qm","Official data from questionnaires and/or national sources and/or COMTRADE (reporters)"
"RFN","Fertilizers by Nutrient","234","Uruguay","5157","Agricultural Use","3102","Nutrient nitrogen N (total)","2016","2016","tonnes","156574.35","A","Aggregate, may include official, semi-official, estimated or calculated data"
"RFN","Fertilizers by Nutrient","234","Uruguay","5157","Agricultural Use","3103","Nutrient phosphate P2O5 (total)","2016","2016","tonnes","140823.24","A","Aggregate, may include official, semi-official, estimated or calculated data"
"RFN","Fertilizers by Nutrient","235","Uzbekistan","5157","Agricultural Use","3102","Nutrient nitrogen N (total)","2016","2016","tonnes","721316","Qm","Official data from questionnaires and/or national sources and/or COMTRADE (reporters)"
"RFN","Fertilizers by Nutrient","235","Uzbekistan","5157","Agricultural Use","3103","Nutrient phosphate P2O5 (total)","2016","2016","tonnes","225826","Qm","Official data from questionnaires and/or national sources and/or COMTRADE (reporters)"
"RFN","Fertilizers by Nutrient","236","Venezuela (Bolivarian Republic of)","5157","Agricultural Use","3102","Nutrient nitrogen N (total)","2016","2016","tonnes","252200","Fm","Manual Estimation"
"RFN","Fertilizers by Nutrient","236","Venezuela (Bolivarian Republic of)","5157","Agricultural Use","3103","Nutrient phosphate P2O5 (total)","2016","2016","tonnes","100400","Fm","Manual Estimation"
"RFN","Fertilizers by Nutrient","237","Viet Nam","5157","Agricultural Use","3102","Nutrient nitrogen N (total)","2016","2016","tonnes","1548983.25","Fb","Data obtained as a balance"
"RFN","Fertilizers by Nutrient","237","Viet Nam","5157","Agricultural Use","3103","Nutrient phosphate P2O5 (total)","2016","2016","tonnes","824152.16","Fb","Data obtained as a balance"
"RFN","Fertilizers by Nutrient","249","Yemen","5157","Agricultural Use","3102","Nutrient nitrogen N (total)","2016","2016","tonnes","18731.74","Fb","Data obtained as a balance"
"RFN","Fertilizers by Nutrient","249","Yemen","5157","Agricultural Use","3103","Nutrient phosphate P2O5 (total)","2016","2016","tonnes","1206.89","Fb","Data obtained as a balance"
"RFN","Fertilizers by Nutrient","251","Zambia","5157","Agricultural Use","3102","Nutrient nitrogen N (total)","2016","2016","tonnes","188107.38","Fb","Data obtained as a balance"
"RFN","Fertilizers by Nutrient","251","Zambia","5157","Agricultural Use","3103","Nutrient phosphate P2O5 (total)","2016","2016","tonnes","38318.15","Fb","Data obtained as a balance"
"RFN","Fertilizers by Nutrient","181","Zimbabwe","5157","Agricultural Use","3102","Nutrient nitrogen N (total)","2016","2016","tonnes","58100","Fm","Manual Estimation"
"RFN","Fertilizers by Nutrient","181","Zimbabwe","5157","Agricultural Use","3103","Nutrient phosphate P2O5 (total)","2016","2016","tonnes","39300","Fm","Manual Estimation"
