Domain Code,Domain,Area Code,Area,Element Code,Element,Item Code,Item,Year Code,Year,Unit,Value
"RFN","Fertilizers by Nutrient","2","Afghanistan","5157","Agricultural Use","3102","Nutrient nitrogen N (total)","2017","2017","tonnes","140775.85"
"RFN","Fertilizers by Nutrient","2","Afghanistan","5157","Agricultural Use","3103","Nutrient phosphate P2O5 (total)","2017","2017","tonnes","16656.69"
"RFN","Fertilizers by Nutrient","2","Afghanistan","5157","Agricultural Use","3104","Nutrient potash K2O (total)","2017","2017","tonnes","31.48"
"RFN","Fertilizers by Nutrient","3","Albania","5157","Agricultural Use","3102","Nutrient nitrogen N (total)","2017","2017","tonnes","39184.92"
"RFN","Fertilizers by Nutrient","3","Albania","5157","Agricultural Use","3103","Nutrient phosphate P2O5 (total)","2017","2017","tonnes","21263.69"
"RFN","Fertilizers by Nutrient","3","Albania","5157","Agricultural Use","3104","Nutrient potash K2O (total)","2017","2017","tonnes","634.25"
"RFN","Fertilizers by Nutrient","4","Algeria","5157","Agricultural Use","3102","Nutrient nitrogen N (total)","2017","2017","tonnes","70200"
"RFN","Fertilizers by Nutrient","4","Algeria","5157","Agricultural Use","3103","Nutrient phosphate P2O5 (total)","2017","2017","tonnes","58800"
"RFN","Fertilizers by Nutrient","4","Algeria","5157","Agricultural Use","3104","Nutrient potash K2O (total)","2017","2017","tonnes","26700"
"RFN","Fertilizers by Nutrient","7","Angola","5157","Agricultural Use","3102","Nutrient nitrogen N (total)","2017","2017","tonnes","26714.79"
"RFN","Fertilizers by Nutrient","7","Angola","5157","Agricultural Use","3103","Nutrient phosphate P2O5 (total)","2017","2017","tonnes","11948.84"
"RFN","Fertilizers by Nutrient","7","Angola","5157","Agricultural Use","3104","Nutrient potash K2O (total)","2017","2017","tonnes","13642.31"
"RFN","Fertilizers by Nutrient","8","Antigua and Barbuda","5157","Agricultural Use","3102","Nutrient nitrogen N (total)","2017","2017","tonnes","8.98"
"RFN","Fertilizers by Nutrient","8","Antigua and Barbuda","5157","Agricultural Use","3103","Nutrient phosphate P2O5 (total)","2017","2017","tonnes","6.51"
"RFN","Fertilizers by Nutrient","8","Antigua and Barbuda","5157","Agricultural Use","3104","Nutrient potash K2O (total)","2017","2017","tonnes","5.56"
"RFN","Fertilizers by Nutrient","9","Argentina","5157","Agricultural Use","3102","Nutrient nitrogen N (total)","2017","2017","tonnes","975843.08"
"RFN","Fertilizers by Nutrient","9","Argentina","5157","Agricultural Use","3103","Nutrient phosphate P2O5 (total)","2017","2017","tonnes","640480.16"
"RFN","Fertilizers by Nutrient","9","Argentina","5157","Agricultural Use","3104","Nutrient potash K2O (total)","2017","2017","tonnes","42132"
"RFN","Fertilizers by Nutrient","1","Armenia","5157","Agricultural Use","3102","Nutrient nitrogen N (total)","2017","2017","tonnes","90106.3"
"RFN","Fertilizers by Nutrient","1","Armenia","5157","Agricultural Use","3103","Nutrient phosphate P2O5 (total)","2017","2017","tonnes","23"
"RFN","Fertilizers by Nutrient","1","Armenia","5157","Agricultural Use","3104","Nutrient potash K2O (total)","2017","2017","tonnes","210"
"RFN","Fertilizers by Nutrient","10","Australia","5157","Agricultural Use","3102","Nutrient nitrogen N (total)","2017","2017","tonnes","1493809"
"RFN","Fertilizers by Nutrient","10","Australia","5157","Agricultural Use","3103","Nutrient phosphate P2O5 (total)","2017","2017","tonnes","979986.65"
"RFN","Fertilizers by Nutrient","10","Australia","5157","Agricultural Use","3104","Nutrient potash K2O (total)","2017","2017","tonnes","273126.19"
"RFN","Fertilizers by Nutrient","11","Austria","5157","Agricultural Use","3102","Nutrient nitrogen N (total)","2017","2017","tonnes","114347"
"RFN","Fertilizers by Nutrient","11","Austria","5157","Agricultural Use","3103","Nutrient phosphate P2O5 (total)","2017","2017","tonnes","31234"
"RFN","Fertilizers by Nutrient","11","Austria","5157","Agricultural Use","3104","Nutrient potash K2O (total)","2017","2017","tonnes","33661"
"RFN","Fertilizers by Nutrient","52","Azerbaijan","5157","Agricultural Use","3102","Nutrient nitrogen N (total)","2017","2017","tonnes","71689"
"RFN","Fertilizers by Nutrient","52","Azerbaijan","5157","Agricultural Use","3103","Nutrient phosphate P2O5 (total)","2017","2017","tonnes","1329"
"RFN","Fertilizers by Nutrient","52","Azerbaijan","5157","Agricultural Use","3104","Nutrient potash K2O (total)","2017","2017","tonnes","3795"
"RFN","Fertilizers by Nutrient","12","Bahamas","5157","Agricultural Use","3102","Nutrient nitrogen N (total)","2017","2017","tonnes","662.96"
"RFN","Fertilizers by Nutrient","12","Bahamas","5157","Agricultural Use","3103","Nutrient phosphate P2O5 (total)","2017","2017","tonnes","403.54"
"RFN","Fertilizers by Nutrient","12","Bahamas","5157","Agricultural Use","3104","Nutrient potash K2O (total)","2017","2017","tonnes","452.54"
"RFN","Fertilizers by Nutrient","13","Bahrain","5157","Agricultural Use","3102","Nutrient nitrogen N (total)","2017","2017","tonnes","156.39"
"RFN","Fertilizers by Nutrient","13","Bahrain","5157","Agricultural Use","3103","Nutrient phosphate P2O5 (total)","2017","2017","tonnes","70.75"
"RFN","Fertilizers by Nutrient","13","Bahrain","5157","Agricultural Use","3104","Nutrient potash K2O (total)","2017","2017","tonnes","111.63"
"RFN","Fertilizers by Nutrient","16","Bangladesh","5157","Agricultural Use","3102","Nutrient nitrogen N (total)","2017","2017","tonnes","1240440"
"RFN","Fertilizers by Nutrient","16","Bangladesh","5157","Agricultural Use","3103","Nutrient phosphate P2O5 (total)","2017","2017","tonnes","642160"
"RFN","Fertilizers by Nutrient","16","Bangladesh","5157","Agricultural Use","3104","Nutrient potash K2O (total)","2017","2017","tonnes","473400"
"RFN","Fertilizers by Nutrient","14","Barbados","5157","Agricultural Use","3102","Nutrient nitrogen N (total)","2017","2017","tonnes","541.96"
"RFN","Fertilizers by Nutrient","14","Barbados","5157","Agricultural Use","3103","Nutrient phosphate P2O5 (total)","2017","2017","tonnes","164.81"
"RFN","Fertilizers by Nutrient","14","Barbados","5157","Agricultural Use","3104","Nutrient potash K2O (total)","2017","2017","tonnes","328.21"
"RFN","Fertilizers by Nutrient","57","Belarus","5157","Agricultural Use","3102","Nutrient nitrogen N (total)","2017","2017","tonnes","406846"
"RFN","Fertilizers by Nutrient","57","Belarus","5157","Agricultural Use","3103","Nutrient phosphate P2O5 (total)","2017","2017","tonnes","77536"
"RFN","Fertilizers by Nutrient","57","Belarus","5157","Agricultural Use","3104","Nutrient potash K2O (total)","2017","2017","tonnes","331408"
"RFN","Fertilizers by Nutrient","255","Belgium","5157","Agricultural Use","3102","Nutrient nitrogen N (total)","2017","2017","tonnes","170448.15"
"RFN","Fertilizers by Nutrient","255","Belgium","5157","Agricultural Use","3103","Nutrient phosphate P2O5 (total)","2017","2017","tonnes","18646.69"
"RFN","Fertilizers by Nutrient","255","Belgium","5157","Agricultural Use","3104","Nutrient potash K2O (total)","2017","2017","tonnes","60318.01"
"RFN","Fertilizers by Nutrient","23","Belize","5157","Agricultural Use","3102","Nutrient nitrogen N (total)","2017","2017","tonnes","13578.74"
"RFN","Fertilizers by Nutrient","23","Belize","5157","Agricultural Use","3103","Nutrient phosphate P2O5 (total)","2017","2017","tonnes","10189.08"
"RFN","Fertilizers by Nutrient","23","Belize","5157","Agricultural Use","3104","Nutrient potash K2O (total)","2017","2017","tonnes","6241.29"
"RFN","Fertilizers by Nutrient","53","Benin","5157","Agricultural Use","3102","Nutrient nitrogen N (total)","2017","2017","tonnes","45.91"
"RFN","Fertilizers by Nutrient","53","Benin","5157","Agricultural Use","3103","Nutrient phosphate P2O5 (total)","2017","2017","tonnes","0"
"RFN","Fertilizers by Nutrient","53","Benin","5157","Agricultural Use","3104","Nutrient potash K2O (total)","2017","2017","tonnes","0"
"RFN","Fertilizers by Nutrient","17","Bermuda","5157","Agricultural Use","3102","Nutrient nitrogen N (total)","2017","2017","tonnes","24.08"
"RFN","Fertilizers by Nutrient","17","Bermuda","5157","Agricultural Use","3103","Nutrient phosphate P2O5 (total)","2017","2017","tonnes","15.15"
"RFN","Fertilizers by Nutrient","17","Bermuda","5157","Agricultural Use","3104","Nutrient potash K2O (total)","2017","2017","tonnes","15.21"
"RFN","Fertilizers by Nutrient","18","Bhutan","5157","Agricultural Use","3102","Nutrient nitrogen N (total)","2017","2017","tonnes","1273.7"
"RFN","Fertilizers by Nutrient","18","Bhutan","5157","Agricultural Use","3103","Nutrient phosphate P2O5 (total)","2017","2017","tonnes","1593"
"RFN","Fertilizers by Nutrient","18","Bhutan","5157","Agricultural Use","3104","Nutrient potash K2O (total)","2017","2017","tonnes","14.6"
"RFN","Fertilizers by Nutrient","19","Bolivia (Plurinational State of)","5157","Agricultural Use","3102","Nutrient nitrogen N (total)","2017","2017","tonnes","14217.05"
"RFN","Fertilizers by Nutrient","19","Bolivia (Plurinational State of)","5157","Agricultural Use","3103","Nutrient phosphate P2O5 (total)","2017","2017","tonnes","15733.66"
"RFN","Fertilizers by Nutrient","19","Bolivia (Plurinational State of)","5157","Agricultural Use","3104","Nutrient potash K2O (total)","2017","2017","tonnes","2460.75"
"RFN","Fertilizers by Nutrient","80","Bosnia and Herzegovina","5157","Agricultural Use","3102","Nutrient nitrogen N (total)","2017","2017","tonnes","89163.38"
"RFN","Fertilizers by Nutrient","80","Bosnia and Herzegovina","5157","Agricultural Use","3103","Nutrient phosphate P2O5 (total)","2017","2017","tonnes","10948.31"
"RFN","Fertilizers by Nutrient","80","Bosnia and Herzegovina","5157","Agricultural Use","3104","Nutrient potash K2O (total)","2017","2017","tonnes","12755.78"
"RFN","Fertilizers by Nutrient","20","Botswana","5157","Agricultural Use","3102","Nutrient nitrogen N (total)","2017","2017","tonnes","21156"
"RFN","Fertilizers by Nutrient","20","Botswana","5157","Agricultural Use","3103","Nutrient phosphate P2O5 (total)","2017","2017","tonnes","1123"
"RFN","Fertilizers by Nutrient","20","Botswana","5157","Agricultural Use","3104","Nutrient potash K2O (total)","2017","2017","tonnes","974"
"RFN","Fertilizers by Nutrient","21","Brazil","5157","Agricultural Use","3102","Nutrient nitrogen N (total)","2017","2017","tonnes","5172706.71"
"RFN","Fertilizers by Nutrient","21","Brazil","5157","Agricultural Use","3103","Nutrient phosphate P2O5 (total)","2017","2017","tonnes","5154052.06"
"RFN","Fertilizers by Nutrient","21","Brazil","5157","Agricultural Use","3104","Nutrient potash K2O (total)","2017","2017","tonnes","6256100.34"
"RFN","Fertilizers by Nutrient","26","Brunei Darussalam","5157","Agricultural Use","3102","Nutrient nitrogen N (total)","2017","2017","tonnes","243"
"RFN","Fertilizers by Nutrient","26","Brunei Darussalam","5157","Agricultural Use","3103","Nutrient phosphate P2O5 (total)","2017","2017","tonnes","232"
"RFN","Fertilizers by Nutrient","26","Brunei Darussalam","5157","Agricultural Use","3104","Nutrient potash K2O (total)","2017","2017","tonnes","234"
"RFN","Fertilizers by Nutrient","27","Bulgaria","5157","Agricultural Use","3102","Nutrient nitrogen N (total)","2017","2017","tonnes","334565"
"RFN","Fertilizers by Nutrient","27","Bulgaria","5157","Agricultural Use","3103","Nutrient phosphate P2O5 (total)","2017","2017","tonnes","69560"
"RFN","Fertilizers by Nutrient","27","Bulgaria","5157","Agricultural Use","3104","Nutrient potash K2O (total)","2017","2017","tonnes","37129"
"RFN","Fertilizers by Nutrient","233","Burkina Faso","5157","Agricultural Use","3102","Nutrient nitrogen N (total)","2017","2017","tonnes","58292.15"
"RFN","Fertilizers by Nutrient","233","Burkina Faso","5157","Agricultural Use","3103","Nutrient phosphate P2O5 (total)","2017","2017","tonnes","25222.34"
"RFN","Fertilizers by Nutrient","233","Burkina Faso","5157","Agricultural Use","3104","Nutrient potash K2O (total)","2017","2017","tonnes","25530.23"
"RFN","Fertilizers by Nutrient","29","Burundi","5157","Agricultural Use","3102","Nutrient nitrogen N (total)","2017","2017","tonnes","10147.51"
"RFN","Fertilizers by Nutrient","29","Burundi","5157","Agricultural Use","3103","Nutrient phosphate P2O5 (total)","2017","2017","tonnes","6541.2"
"RFN","Fertilizers by Nutrient","29","Burundi","5157","Agricultural Use","3104","Nutrient potash K2O (total)","2017","2017","tonnes","4613.24"
"RFN","Fertilizers by Nutrient","115","Cambodia","5157","Agricultural Use","3102","Nutrient nitrogen N (total)","2017","2017","tonnes","114968.2"
"RFN","Fertilizers by Nutrient","115","Cambodia","5157","Agricultural Use","3103","Nutrient phosphate P2O5 (total)","2017","2017","tonnes","2249.75"
"RFN","Fertilizers by Nutrient","115","Cambodia","5157","Agricultural Use","3104","Nutrient potash K2O (total)","2017","2017","tonnes","2168.69"
"RFN","Fertilizers by Nutrient","32","Cameroon","5157","Agricultural Use","3102","Nutrient nitrogen N (total)","2017","2017","tonnes","46470.08"
"RFN","Fertilizers by Nutrient","32","Cameroon","5157","Agricultural Use","3103","Nutrient phosphate P2O5 (total)","2017","2017","tonnes","9930.39"
"RFN","Fertilizers by Nutrient","32","Cameroon","5157","Agricultural Use","3104","Nutrient potash K2O (total)","2017","2017","tonnes","24375.49"
"RFN","Fertilizers by Nutrient","33","Canada","5157","Agricultural Use","3102","Nutrient nitrogen N (total)","2017","2017","tonnes","2471000"
"RFN","Fertilizers by Nutrient","33","Canada","5157","Agricultural Use","3103","Nutrient phosphate P2O5 (total)","2017","2017","tonnes","1023000"
"RFN","Fertilizers by Nutrient","33","Canada","5157","Agricultural Use","3104","Nutrient potash K2O (total)","2017","2017","tonnes","427000"
"RFN","Fertilizers by Nutrient","37","Central African Republic","5157","Agricultural Use","3102","Nutrient nitrogen N (total)","2017","2017","tonnes","86.18"
"RFN","Fertilizers by Nutrient","37","Central African Republic","5157","Agricultural Use","3103","Nutrient phosphate P2O5 (total)","2017","2017","tonnes","67.7"
"RFN","Fertilizers by Nutrient","37","Central African Republic","5157","Agricultural Use","3104","Nutrient potash K2O (total)","2017","2017","tonnes","182.3"
"RFN","Fertilizers by Nutrient","40","Chile","5157","Agricultural Use","3102","Nutrient nitrogen N (total)","2017","2017","tonnes","263680.38"
"RFN","Fertilizers by Nutrient","40","Chile","5157","Agricultural Use","3103","Nutrient phosphate P2O5 (total)","2017","2017","tonnes","79115.61"
"RFN","Fertilizers by Nutrient","40","Chile","5157","Agricultural Use","3104","Nutrient potash K2O (total)","2017","2017","tonnes","30328.18"
"RFN","Fertilizers by Nutrient","351","China","5157","Agricultural Use","3102","Nutrient nitrogen N (total)","2017","2017","tonnes","29707894.01"
"RFN","Fertilizers by Nutrient","351","China","5157","Agricultural Use","3103","Nutrient phosphate P2O5 (total)","2017","2017","tonnes","10032194.44"
"RFN","Fertilizers by Nutrient","351","China","5157","Agricultural Use","3104","Nutrient potash K2O (total)","2017","2017","tonnes","10621556.6"
"RFN","Fertilizers by Nutrient","96","China, Hong Kong SAR","5157","Agricultural Use","3102","Nutrient nitrogen N (total)","2017","2017","tonnes","8166.25"
"RFN","Fertilizers by Nutrient","96","China, Hong Kong SAR","5157","Agricultural Use","3103","Nutrient phosphate P2O5 (total)","2017","2017","tonnes","285.75"
"RFN","Fertilizers by Nutrient","96","China, Hong Kong SAR","5157","Agricultural Use","3104","Nutrient potash K2O (total)","2017","2017","tonnes","252.17"
"RFN","Fertilizers by Nutrient","128","China, Macao SAR","5157","Agricultural Use","3102","Nutrient nitrogen N (total)","2017","2017","tonnes","0"
"RFN","Fertilizers by Nutrient","128","China, Macao SAR","5157","Agricultural Use","3103","Nutrient phosphate P2O5 (total)","2017","2017","tonnes","0"
"RFN","Fertilizers by Nutrient","128","China, Macao SAR","5157","Agricultural Use","3104","Nutrient potash K2O (total)","2017","2017","tonnes","0"
"RFN","Fertilizers by Nutrient","41","China, mainland","5157","Agricultural Use","3102","Nutrient nitrogen N (total)","2017","2017","tonnes","29544991"
"RFN","Fertilizers by Nutrient","41","China, mainland","5157","Agricultural Use","3103","Nutrient phosphate P2O5 (total)","2017","2017","tonnes","9904020.73"
"RFN","Fertilizers by Nutrient","41","China, mainland","5157","Agricultural Use","3104","Nutrient potash K2O (total)","2017","2017","tonnes","10499963.58"
"RFN","Fertilizers by Nutrient","214","China, Taiwan Province of","5157","Agricultural Use","3102","Nutrient nitrogen N (total)","2017","2017","tonnes","154736.76"
"RFN","Fertilizers by Nutrient","214","China, Taiwan Province of","5157","Agricultural Use","3103","Nutrient phosphate P2O5 (total)","2017","2017","tonnes","127887.97"
"RFN","Fertilizers by Nutrient","214","China, Taiwan Province of","5157","Agricultural Use","3104","Nutrient potash K2O (total)","2017","2017","tonnes","121340.85"
"RFN","Fertilizers by Nutrient","44","Colombia","5157","Agricultural Use","3102","Nutrient nitrogen N (total)","2017","2017","tonnes","612579.86"
"RFN","Fertilizers by Nutrient","44","Colombia","5157","Agricultural Use","3103","Nutrient phosphate P2O5 (total)","2017","2017","tonnes","223044.25"
"RFN","Fertilizers by Nutrient","44","Colombia","5157","Agricultural Use","3104","Nutrient potash K2O (total)","2017","2017","tonnes","344707.27"
"RFN","Fertilizers by Nutrient","46","Congo","5157","Agricultural Use","3102","Nutrient nitrogen N (total)","2017","2017","tonnes","332.94"
"RFN","Fertilizers by Nutrient","46","Congo","5157","Agricultural Use","3103","Nutrient phosphate P2O5 (total)","2017","2017","tonnes","385.84"
"RFN","Fertilizers by Nutrient","46","Congo","5157","Agricultural Use","3104","Nutrient potash K2O (total)","2017","2017","tonnes","551.2"
"RFN","Fertilizers by Nutrient","47","Cook Islands","5157","Agricultural Use","3102","Nutrient nitrogen N (total)","2017","2017","tonnes","13.62"
"RFN","Fertilizers by Nutrient","47","Cook Islands","5157","Agricultural Use","3103","Nutrient phosphate P2O5 (total)","2017","2017","tonnes","4.34"
"RFN","Fertilizers by Nutrient","47","Cook Islands","5157","Agricultural Use","3104","Nutrient potash K2O (total)","2017","2017","tonnes","3.13"
"RFN","Fertilizers by Nutrient","48","Costa Rica","5157","Agricultural Use","3102","Nutrient nitrogen N (total)","2017","2017","tonnes","90742.34"
"RFN","Fertilizers by Nutrient","48","Costa Rica","5157","Agricultural Use","3103","Nutrient phosphate P2O5 (total)","2017","2017","tonnes","20459.34"
"RFN","Fertilizers by Nutrient","48","Costa Rica","5157","Agricultural Use","3104","Nutrient potash K2O (total)","2017","2017","tonnes","48866.2"
"RFN","Fertilizers by Nutrient","107","Côte d'Ivoire","5157","Agricultural Use","3102","Nutrient nitrogen N (total)","2017","2017","tonnes","33026.26"
"RFN","Fertilizers by Nutrient","107","Côte d'Ivoire","5157","Agricultural Use","3103","Nutrient phosphate P2O5 (total)","2017","2017","tonnes","43841.24"
"RFN","Fertilizers by Nutrient","107","Côte d'Ivoire","5157","Agricultural Use","3104","Nutrient potash K2O (total)","2017","2017","tonnes","60552.58"
"RFN","Fertilizers by Nutrient","98","Croatia","5157","Agricultural Use","3102","Nutrient nitrogen N (total)","2017","2017","tonnes","98412"
"RFN","Fertilizers by Nutrient","98","Croatia","5157","Agricultural Use","3103","Nutrient phosphate P2O5 (total)","2017","2017","tonnes","34104"
"RFN","Fertilizers by Nutrient","98","Croatia","5157","Agricultural Use","3104","Nutrient potash K2O (total)","2017","2017","tonnes","41953"
"RFN","Fertilizers by Nutrient","49","Cuba","5157","Agricultural Use","3102","Nutrient nitrogen N (total)","2017","2017","tonnes","67895.85"
"RFN","Fertilizers by Nutrient","49","Cuba","5157","Agricultural Use","3103","Nutrient phosphate P2O5 (total)","2017","2017","tonnes","21359.39"
"RFN","Fertilizers by Nutrient","49","Cuba","5157","Agricultural Use","3104","Nutrient potash K2O (total)","2017","2017","tonnes","42482.89"
"RFN","Fertilizers by Nutrient","50","Cyprus","5157","Agricultural Use","3102","Nutrient nitrogen N (total)","2017","2017","tonnes","7972"
"RFN","Fertilizers by Nutrient","50","Cyprus","5157","Agricultural Use","3103","Nutrient phosphate P2O5 (total)","2017","2017","tonnes","4977"
"RFN","Fertilizers by Nutrient","50","Cyprus","5157","Agricultural Use","3104","Nutrient potash K2O (total)","2017","2017","tonnes","3421"
"RFN","Fertilizers by Nutrient","167","Czechia","5157","Agricultural Use","3102","Nutrient nitrogen N (total)","2017","2017","tonnes","366044"
"RFN","Fertilizers by Nutrient","167","Czechia","5157","Agricultural Use","3103","Nutrient phosphate P2O5 (total)","2017","2017","tonnes","55331"
"RFN","Fertilizers by Nutrient","167","Czechia","5157","Agricultural Use","3104","Nutrient potash K2O (total)","2017","2017","tonnes","33947"
"RFN","Fertilizers by Nutrient","250","Democratic Republic of the Congo","5157","Agricultural Use","3102","Nutrient nitrogen N (total)","2017","2017","tonnes","16043.54"
"RFN","Fertilizers by Nutrient","250","Democratic Republic of the Congo","5157","Agricultural Use","3103","Nutrient phosphate P2O5 (total)","2017","2017","tonnes","1534.29"
"RFN","Fertilizers by Nutrient","250","Democratic Republic of the Congo","5157","Agricultural Use","3104","Nutrient potash K2O (total)","2017","2017","tonnes","3595.94"
"RFN","Fertilizers by Nutrient","54","Denmark","5157","Agricultural Use","3102","Nutrient nitrogen N (total)","2017","2017","tonnes","219353"
"RFN","Fertilizers by Nutrient","54","Denmark","5157","Agricultural Use","3103","Nutrient phosphate P2O5 (total)","2017","2017","tonnes","32035"
"RFN","Fertilizers by Nutrient","54","Denmark","5157","Agricultural Use","3104","Nutrient potash K2O (total)","2017","2017","tonnes","63509"
"RFN","Fertilizers by Nutrient","55","Dominica","5157","Agricultural Use","3102","Nutrient nitrogen N (total)","2017","2017","tonnes","103.6"
"RFN","Fertilizers by Nutrient","55","Dominica","5157","Agricultural Use","3103","Nutrient phosphate P2O5 (total)","2017","2017","tonnes","104.84"
"RFN","Fertilizers by Nutrient","55","Dominica","5157","Agricultural Use","3104","Nutrient potash K2O (total)","2017","2017","tonnes","39.85"
"RFN","Fertilizers by Nutrient","56","Dominican Republic","5157","Agricultural Use","3102","Nutrient nitrogen N (total)","2017","2017","tonnes","70494.35"
"RFN","Fertilizers by Nutrient","56","Dominican Republic","5157","Agricultural Use","3103","Nutrient phosphate P2O5 (total)","2017","2017","tonnes","20171.37"
"RFN","Fertilizers by Nutrient","56","Dominican Republic","5157","Agricultural Use","3104","Nutrient potash K2O (total)","2017","2017","tonnes","41729.65"
"RFN","Fertilizers by Nutrient","58","Ecuador","5157","Agricultural Use","3102","Nutrient nitrogen N (total)","2017","2017","tonnes","181380.2"
"RFN","Fertilizers by Nutrient","58","Ecuador","5157","Agricultural Use","3103","Nutrient phosphate P2O5 (total)","2017","2017","tonnes","53343.89"
"RFN","Fertilizers by Nutrient","58","Ecuador","5157","Agricultural Use","3104","Nutrient potash K2O (total)","2017","2017","tonnes","122092.53"
"RFN","Fertilizers by Nutrient","59","Egypt","5157","Agricultural Use","3102","Nutrient nitrogen N (total)","2017","2017","tonnes","1312900"
"RFN","Fertilizers by Nutrient","59","Egypt","5157","Agricultural Use","3103","Nutrient phosphate P2O5 (total)","2017","2017","tonnes","264300"
"RFN","Fertilizers by Nutrient","59","Egypt","5157","Agricultural Use","3104","Nutrient potash K2O (total)","2017","2017","tonnes","79500"
"RFN","Fertilizers by Nutrient","60","El Salvador","5157","Agricultural Use","3102","Nutrient nitrogen N (total)","2017","2017","tonnes","60253.15"
"RFN","Fertilizers by Nutrient","60","El Salvador","5157","Agricultural Use","3103","Nutrient phosphate P2O5 (total)","2017","2017","tonnes","10474.4"
"RFN","Fertilizers by Nutrient","60","El Salvador","5157","Agricultural Use","3104","Nutrient potash K2O (total)","2017","2017","tonnes","12780.63"
"RFN","Fertilizers by Nutrient","178","Eritrea","5157","Agricultural Use","3102","Nutrient nitrogen N (total)","2017","2017","tonnes","1774.33"
"RFN","Fertilizers by Nutrient","178","Eritrea","5157","Agricultural Use","3103","Nutrient phosphate P2O5 (total)","2017","2017","tonnes","0"
"RFN","Fertilizers by Nutrient","178","Eritrea","5157","Agricultural Use","3104","Nutrient potash K2O (total)","2017","2017","tonnes","0.03"
"RFN","Fertilizers by Nutrient","63","Estonia","5157","Agricultural Use","3102","Nutrient nitrogen N (total)","2017","2017","tonnes","37333"
"RFN","Fertilizers by Nutrient","63","Estonia","5157","Agricultural Use","3103","Nutrient phosphate P2O5 (total)","2017","2017","tonnes","9305"
"RFN","Fertilizers by Nutrient","63","Estonia","5157","Agricultural Use","3104","Nutrient potash K2O (total)","2017","2017","tonnes","13070"
"RFN","Fertilizers by Nutrient","238","Ethiopia","5157","Agricultural Use","3102","Nutrient nitrogen N (total)","2017","2017","tonnes","376625.94"
"RFN","Fertilizers by Nutrient","238","Ethiopia","5157","Agricultural Use","3103","Nutrient phosphate P2O5 (total)","2017","2017","tonnes","173486.96"
"RFN","Fertilizers by Nutrient","238","Ethiopia","5157","Agricultural Use","3104","Nutrient potash K2O (total)","2017","2017","tonnes","8813.68"
"RFN","Fertilizers by Nutrient","66","Fiji","5157","Agricultural Use","3102","Nutrient nitrogen N (total)","2017","2017","tonnes","5064.69"
"RFN","Fertilizers by Nutrient","66","Fiji","5157","Agricultural Use","3103","Nutrient phosphate P2O5 (total)","2017","2017","tonnes","2874.56"
"RFN","Fertilizers by Nutrient","66","Fiji","5157","Agricultural Use","3104","Nutrient potash K2O (total)","2017","2017","tonnes","677.41"
"RFN","Fertilizers by Nutrient","67","Finland","5157","Agricultural Use","3102","Nutrient nitrogen N (total)","2017","2017","tonnes","138948"
"RFN","Fertilizers by Nutrient","67","Finland","5157","Agricultural Use","3103","Nutrient phosphate P2O5 (total)","2017","2017","tonnes","28080.36"
"RFN","Fertilizers by Nutrient","67","Finland","5157","Agricultural Use","3104","Nutrient potash K2O (total)","2017","2017","tonnes","33717"
"RFN","Fertilizers by Nutrient","68","France","5157","Agricultural Use","3102","Nutrient nitrogen N (total)","2017","2017","tonnes","2233881"
"RFN","Fertilizers by Nutrient","68","France","5157","Agricultural Use","3103","Nutrient phosphate P2O5 (total)","2017","2017","tonnes","450568"
"RFN","Fertilizers by Nutrient","68","France","5157","Agricultural Use","3104","Nutrient potash K2O (total)","2017","2017","tonnes","462872"
"RFN","Fertilizers by Nutrient","70","French Polynesia","5157","Agricultural Use","3102","Nutrient nitrogen N (total)","2017","2017","tonnes","343.26"
"RFN","Fertilizers by Nutrient","70","French Polynesia","5157","Agricultural Use","3103","Nutrient phosphate P2O5 (total)","2017","2017","tonnes","179.79"
"RFN","Fertilizers by Nutrient","70","French Polynesia","5157","Agricultural Use","3104","Nutrient potash K2O (total)","2017","2017","tonnes","218.56"
"RFN","Fertilizers by Nutrient","74","Gabon","5157","Agricultural Use","3102","Nutrient nitrogen N (total)","2017","2017","tonnes","7746.13"
"RFN","Fertilizers by Nutrient","74","Gabon","5157","Agricultural Use","3103","Nutrient phosphate P2O5 (total)","2017","2017","tonnes","5708.08"
"RFN","Fertilizers by Nutrient","74","Gabon","5157","Agricultural Use","3104","Nutrient potash K2O (total)","2017","2017","tonnes","6247.64"
"RFN","Fertilizers by Nutrient","75","Gambia","5157","Agricultural Use","3102","Nutrient nitrogen N (total)","2017","2017","tonnes","37.48"
"RFN","Fertilizers by Nutrient","75","Gambia","5157","Agricultural Use","3103","Nutrient phosphate P2O5 (total)","2017","2017","tonnes","39.55"
"RFN","Fertilizers by Nutrient","75","Gambia","5157","Agricultural Use","3104","Nutrient potash K2O (total)","2017","2017","tonnes","95.18"
"RFN","Fertilizers by Nutrient","73","Georgia","5157","Agricultural Use","3102","Nutrient nitrogen N (total)","2017","2017","tonnes","39700"
"RFN","Fertilizers by Nutrient","73","Georgia","5157","Agricultural Use","3103","Nutrient phosphate P2O5 (total)","2017","2017","tonnes","4373.24"
"RFN","Fertilizers by Nutrient","73","Georgia","5157","Agricultural Use","3104","Nutrient potash K2O (total)","2017","2017","tonnes","2536.71"
"RFN","Fertilizers by Nutrient","79","Germany","5157","Agricultural Use","3102","Nutrient nitrogen N (total)","2017","2017","tonnes","1496649"
"RFN","Fertilizers by Nutrient","79","Germany","5157","Agricultural Use","3103","Nutrient phosphate P2O5 (total)","2017","2017","tonnes","208527"
"RFN","Fertilizers by Nutrient","79","Germany","5157","Agricultural Use","3104","Nutrient potash K2O (total)","2017","2017","tonnes","391640"
"RFN","Fertilizers by Nutrient","81","Ghana","5157","Agricultural Use","3102","Nutrient nitrogen N (total)","2017","2017","tonnes","82000"
"RFN","Fertilizers by Nutrient","81","Ghana","5157","Agricultural Use","3103","Nutrient phosphate P2O5 (total)","2017","2017","tonnes","45200"
"RFN","Fertilizers by Nutrient","81","Ghana","5157","Agricultural Use","3104","Nutrient potash K2O (total)","2017","2017","tonnes","47400"
"RFN","Fertilizers by Nutrient","84","Greece","5157","Agricultural Use","3102","Nutrient nitrogen N (total)","2017","2017","tonnes","181726"
"RFN","Fertilizers by Nutrient","84","Greece","5157","Agricultural Use","3103","Nutrient phosphate P2O5 (total)","2017","2017","tonnes","51062"
"RFN","Fertilizers by Nutrient","84","Greece","5157","Agricultural Use","3104","Nutrient potash K2O (total)","2017","2017","tonnes","45963"
"RFN","Fertilizers by Nutrient","89","Guatemala","5157","Agricultural Use","3102","Nutrient nitrogen N (total)","2017","2017","tonnes","174189.9"
"RFN","Fertilizers by Nutrient","89","Guatemala","5157","Agricultural Use","3103","Nutrient phosphate P2O5 (total)","2017","2017","tonnes","52793.22"
"RFN","Fertilizers by Nutrient","89","Guatemala","5157","Agricultural Use","3104","Nutrient potash K2O (total)","2017","2017","tonnes","83189.16"
"RFN","Fertilizers by Nutrient","90","Guinea","5157","Agricultural Use","3102","Nutrient nitrogen N (total)","2017","2017","tonnes","23395.96"
"RFN","Fertilizers by Nutrient","90","Guinea","5157","Agricultural Use","3103","Nutrient phosphate P2O5 (total)","2017","2017","tonnes","9981.32"
"RFN","Fertilizers by Nutrient","90","Guinea","5157","Agricultural Use","3104","Nutrient potash K2O (total)","2017","2017","tonnes","15015.59"
"RFN","Fertilizers by Nutrient","91","Guyana","5157","Agricultural Use","3102","Nutrient nitrogen N (total)","2017","2017","tonnes","459.06"
"RFN","Fertilizers by Nutrient","91","Guyana","5157","Agricultural Use","3103","Nutrient phosphate P2O5 (total)","2017","2017","tonnes","1724.5"
"RFN","Fertilizers by Nutrient","91","Guyana","5157","Agricultural Use","3104","Nutrient potash K2O (total)","2017","2017","tonnes","256.67"
"RFN","Fertilizers by Nutrient","95","Honduras","5157","Agricultural Use","3102","Nutrient nitrogen N (total)","2017","2017","tonnes","110243.74"
"RFN","Fertilizers by Nutrient","95","Honduras","5157","Agricultural Use","3103","Nutrient phosphate P2O5 (total)","2017","2017","tonnes","34593.73"
"RFN","Fertilizers by Nutrient","95","Honduras","5157","Agricultural Use","3104","Nutrient potash K2O (total)","2017","2017","tonnes","43065.04"
"RFN","Fertilizers by Nutrient","97","Hungary","5157","Agricultural Use","3102","Nutrient nitrogen N (total)","2017","2017","tonnes","374728"
"RFN","Fertilizers by Nutrient","97","Hungary","5157","Agricultural Use","3103","Nutrient phosphate P2O5 (total)","2017","2017","tonnes","112232"
"RFN","Fertilizers by Nutrient","97","Hungary","5157","Agricultural Use","3104","Nutrient potash K2O (total)","2017","2017","tonnes","110505"
"RFN","Fertilizers by Nutrient","99","Iceland","5157","Agricultural Use","3102","Nutrient nitrogen N (total)","2017","2017","tonnes","13066"
"RFN","Fertilizers by Nutrient","99","Iceland","5157","Agricultural Use","3103","Nutrient phosphate P2O5 (total)","2017","2017","tonnes","2046"
"RFN","Fertilizers by Nutrient","99","Iceland","5157","Agricultural Use","3104","Nutrient potash K2O (total)","2017","2017","tonnes","2797"
"RFN","Fertilizers by Nutrient","100","India","5157","Agricultural Use","3102","Nutrient nitrogen N (total)","2017","2017","tonnes","16958000"
"RFN","Fertilizers by Nutrient","100","India","5157","Agricultural Use","3103","Nutrient phosphate P2O5 (total)","2017","2017","tonnes","6854100"
"RFN","Fertilizers by Nutrient","100","India","5157","Agricultural Use","3104","Nutrient potash K2O (total)","2017","2017","tonnes","2778800"
"RFN","Fertilizers by Nutrient","101","Indonesia","5157","Agricultural Use","3102","Nutrient nitrogen N (total)","2017","2017","tonnes","2951991.41"
"RFN","Fertilizers by Nutrient","101","Indonesia","5157","Agricultural Use","3103","Nutrient phosphate P2O5 (total)","2017","2017","tonnes","785221.8"
"RFN","Fertilizers by Nutrient","101","Indonesia","5157","Agricultural Use","3104","Nutrient potash K2O (total)","2017","2017","tonnes","2087754.54"
"RFN","Fertilizers by Nutrient","102","Iran (Islamic Republic of)","5157","Agricultural Use","3102","Nutrient nitrogen N (total)","2017","2017","tonnes","564911.75"
"RFN","Fertilizers by Nutrient","102","Iran (Islamic Republic of)","5157","Agricultural Use","3103","Nutrient phosphate P2O5 (total)","2017","2017","tonnes","97966.2"
"RFN","Fertilizers by Nutrient","102","Iran (Islamic Republic of)","5157","Agricultural Use","3104","Nutrient potash K2O (total)","2017","2017","tonnes","35276.5"
"RFN","Fertilizers by Nutrient","103","Iraq","5157","Agricultural Use","3102","Nutrient nitrogen N (total)","2017","2017","tonnes","180937.87"
"RFN","Fertilizers by Nutrient","103","Iraq","5157","Agricultural Use","3103","Nutrient phosphate P2O5 (total)","2017","2017","tonnes","65444.34"
"RFN","Fertilizers by Nutrient","103","Iraq","5157","Agricultural Use","3104","Nutrient potash K2O (total)","2017","2017","tonnes","5231.4"
"RFN","Fertilizers by Nutrient","104","Ireland","5157","Agricultural Use","3102","Nutrient nitrogen N (total)","2017","2017","tonnes","344238.02"
"RFN","Fertilizers by Nutrient","104","Ireland","5157","Agricultural Use","3103","Nutrient phosphate P2O5 (total)","2017","2017","tonnes","118188.96"
"RFN","Fertilizers by Nutrient","104","Ireland","5157","Agricultural Use","3104","Nutrient potash K2O (total)","2017","2017","tonnes","159465.52"
"RFN","Fertilizers by Nutrient","105","Israel","5157","Agricultural Use","3102","Nutrient nitrogen N (total)","2017","2017","tonnes","50200"
"RFN","Fertilizers by Nutrient","105","Israel","5157","Agricultural Use","3103","Nutrient phosphate P2O5 (total)","2017","2017","tonnes","6100"
"RFN","Fertilizers by Nutrient","105","Israel","5157","Agricultural Use","3104","Nutrient potash K2O (total)","2017","2017","tonnes","36000"
"RFN","Fertilizers by Nutrient","106","Italy","5157","Agricultural Use","3102","Nutrient nitrogen N (total)","2017","2017","tonnes","602110"
"RFN","Fertilizers by Nutrient","106","Italy","5157","Agricultural Use","3103","Nutrient phosphate P2O5 (total)","2017","2017","tonnes","160035"
"RFN","Fertilizers by Nutrient","106","Italy","5157","Agricultural Use","3104","Nutrient potash K2O (total)","2017","2017","tonnes","115815"
"RFN","Fertilizers by Nutrient","109","Jamaica","5157","Agricultural Use","3102","Nutrient nitrogen N (total)","2017","2017","tonnes","3757.95"
"RFN","Fertilizers by Nutrient","109","Jamaica","5157","Agricultural Use","3103","Nutrient phosphate P2O5 (total)","2017","2017","tonnes","1634.26"
"RFN","Fertilizers by Nutrient","109","Jamaica","5157","Agricultural Use","3104","Nutrient potash K2O (total)","2017","2017","tonnes","2562.09"
"RFN","Fertilizers by Nutrient","110","Japan","5157","Agricultural Use","3102","Nutrient nitrogen N (total)","2017","2017","tonnes","389100"
"RFN","Fertilizers by Nutrient","110","Japan","5157","Agricultural Use","3103","Nutrient phosphate P2O5 (total)","2017","2017","tonnes","354800"
"RFN","Fertilizers by Nutrient","110","Japan","5157","Agricultural Use","3104","Nutrient potash K2O (total)","2017","2017","tonnes","307100"
"RFN","Fertilizers by Nutrient","112","Jordan","5157","Agricultural Use","3102","Nutrient nitrogen N (total)","2017","2017","tonnes","20085"
"RFN","Fertilizers by Nutrient","112","Jordan","5157","Agricultural Use","3103","Nutrient phosphate P2O5 (total)","2017","2017","tonnes","717"
"RFN","Fertilizers by Nutrient","112","Jordan","5157","Agricultural Use","3104","Nutrient potash K2O (total)","2017","2017","tonnes","4230"
"RFN","Fertilizers by Nutrient","108","Kazakhstan","5157","Agricultural Use","3102","Nutrient nitrogen N (total)","2017","2017","tonnes","104900"
"RFN","Fertilizers by Nutrient","108","Kazakhstan","5157","Agricultural Use","3103","Nutrient phosphate P2O5 (total)","2017","2017","tonnes","122600"
"RFN","Fertilizers by Nutrient","108","Kazakhstan","5157","Agricultural Use","3104","Nutrient potash K2O (total)","2017","2017","tonnes","18300"
"RFN","Fertilizers by Nutrient","114","Kenya","5157","Agricultural Use","3102","Nutrient nitrogen N (total)","2017","2017","tonnes","83791.13"
"RFN","Fertilizers by Nutrient","114","Kenya","5157","Agricultural Use","3103","Nutrient phosphate P2O5 (total)","2017","2017","tonnes","34590.55"
"RFN","Fertilizers by Nutrient","114","Kenya","5157","Agricultural Use","3104","Nutrient potash K2O (total)","2017","2017","tonnes","12889.54"
"RFN","Fertilizers by Nutrient","118","Kuwait","5157","Agricultural Use","3102","Nutrient nitrogen N (total)","2017","2017","tonnes","2000"
"RFN","Fertilizers by Nutrient","118","Kuwait","5157","Agricultural Use","3103","Nutrient phosphate P2O5 (total)","2017","2017","tonnes","2195.63"
"RFN","Fertilizers by Nutrient","118","Kuwait","5157","Agricultural Use","3104","Nutrient potash K2O (total)","2017","2017","tonnes","5073.87"
"RFN","Fertilizers by Nutrient","113","Kyrgyzstan","5157","Agricultural Use","3102","Nutrient nitrogen N (total)","2017","2017","tonnes","9311.93"
"RFN","Fertilizers by Nutrient","113","Kyrgyzstan","5157","Agricultural Use","3103","Nutrient phosphate P2O5 (total)","2017","2017","tonnes","418.75"
"RFN","Fertilizers by Nutrient","113","Kyrgyzstan","5157","Agricultural Use","3104","Nutrient potash K2O (total)","2017","2017","tonnes","172.95"
"RFN","Fertilizers by Nutrient","119","Latvia","5157","Agricultural Use","3102","Nutrient nitrogen N (total)","2017","2017","tonnes","77441"
"RFN","Fertilizers by Nutrient","119","Latvia","5157","Agricultural Use","3103","Nutrient phosphate P2O5 (total)","2017","2017","tonnes","25881"
"RFN","Fertilizers by Nutrient","119","Latvia","5157","Agricultural Use","3104","Nutrient potash K2O (total)","2017","2017","tonnes","30173"
"RFN","Fertilizers by Nutrient","121","Lebanon","5157","Agricultural Use","3102","Nutrient nitrogen N (total)","2017","2017","tonnes","22908.91"
"RFN","Fertilizers by Nutrient","121","Lebanon","5157","Agricultural Use","3103","Nutrient phosphate P2O5 (total)","2017","2017","tonnes","12200"
"RFN","Fertilizers by Nutrient","121","Lebanon","5157","Agricultural Use","3104","Nutrient potash K2O (total)","2017","2017","tonnes","9442.8"
"RFN","Fertilizers by Nutrient","124","Libya","5157","Agricultural Use","3102","Nutrient nitrogen N (total)","2017","2017","tonnes","14700"
"RFN","Fertilizers by Nutrient","124","Libya","5157","Agricultural Use","3103","Nutrient phosphate P2O5 (total)","2017","2017","tonnes","18777.05"
"RFN","Fertilizers by Nutrient","124","Libya","5157","Agricultural Use","3104","Nutrient potash K2O (total)","2017","2017","tonnes","231.78"
"RFN","Fertilizers by Nutrient","126","Lithuania","5157","Agricultural Use","3102","Nutrient nitrogen N (total)","2017","2017","tonnes","167149"
"RFN","Fertilizers by Nutrient","126","Lithuania","5157","Agricultural Use","3103","Nutrient phosphate P2O5 (total)","2017","2017","tonnes","53762"
"RFN","Fertilizers by Nutrient","126","Lithuania","5157","Agricultural Use","3104","Nutrient potash K2O (total)","2017","2017","tonnes","75940"
"RFN","Fertilizers by Nutrient","256","Luxembourg","5157","Agricultural Use","3102","Nutrient nitrogen N (total)","2017","2017","tonnes","13574.85"
"RFN","Fertilizers by Nutrient","256","Luxembourg","5157","Agricultural Use","3103","Nutrient phosphate P2O5 (total)","2017","2017","tonnes","1167.31"
"RFN","Fertilizers by Nutrient","256","Luxembourg","5157","Agricultural Use","3104","Nutrient potash K2O (total)","2017","2017","tonnes","904.99"
"RFN","Fertilizers by Nutrient","129","Madagascar","5157","Agricultural Use","3102","Nutrient nitrogen N (total)","2017","2017","tonnes","31388.41"
"RFN","Fertilizers by Nutrient","129","Madagascar","5157","Agricultural Use","3103","Nutrient phosphate P2O5 (total)","2017","2017","tonnes","3936.95"
"RFN","Fertilizers by Nutrient","129","Madagascar","5157","Agricultural Use","3104","Nutrient potash K2O (total)","2017","2017","tonnes","3637.91"
"RFN","Fertilizers by Nutrient","130","Malawi","5157","Agricultural Use","3102","Nutrient nitrogen N (total)","2017","2017","tonnes","86463.2"
"RFN","Fertilizers by Nutrient","130","Malawi","5157","Agricultural Use","3103","Nutrient phosphate P2O5 (total)","2017","2017","tonnes","24073.31"
"RFN","Fertilizers by Nutrient","130","Malawi","5157","Agricultural Use","3104","Nutrient potash K2O (total)","2017","2017","tonnes","17517.9"
"RFN","Fertilizers by Nutrient","131","Malaysia","5157","Agricultural Use","3102","Nutrient nitrogen N (total)","2017","2017","tonnes","476916.92"
"RFN","Fertilizers by Nutrient","131","Malaysia","5157","Agricultural Use","3103","Nutrient phosphate P2O5 (total)","2017","2017","tonnes","322889.36"
"RFN","Fertilizers by Nutrient","131","Malaysia","5157","Agricultural Use","3104","Nutrient potash K2O (total)","2017","2017","tonnes","992153.93"
"RFN","Fertilizers by Nutrient","132","Maldives","5157","Agricultural Use","3102","Nutrient nitrogen N (total)","2017","2017","tonnes","350"
"RFN","Fertilizers by Nutrient","132","Maldives","5157","Agricultural Use","3103","Nutrient phosphate P2O5 (total)","2017","2017","tonnes","58.95"
"RFN","Fertilizers by Nutrient","132","Maldives","5157","Agricultural Use","3104","Nutrient potash K2O (total)","2017","2017","tonnes","32.71"
"RFN","Fertilizers by Nutrient","133","Mali","5157","Agricultural Use","3102","Nutrient nitrogen N (total)","2017","2017","tonnes","102990.6"
"RFN","Fertilizers by Nutrient","133","Mali","5157","Agricultural Use","3103","Nutrient phosphate P2O5 (total)","2017","2017","tonnes","35062.47"
"RFN","Fertilizers by Nutrient","133","Mali","5157","Agricultural Use","3104","Nutrient potash K2O (total)","2017","2017","tonnes","20633.95"
"RFN","Fertilizers by Nutrient","134","Malta","5157","Agricultural Use","3102","Nutrient nitrogen N (total)","2017","2017","tonnes","623.76"
"RFN","Fertilizers by Nutrient","134","Malta","5157","Agricultural Use","3103","Nutrient phosphate P2O5 (total)","2017","2017","tonnes","125.64"
"RFN","Fertilizers by Nutrient","134","Malta","5157","Agricultural Use","3104","Nutrient potash K2O (total)","2017","2017","tonnes","135.95"
"RFN","Fertilizers by Nutrient","137","Mauritius","5157","Agricultural Use","3102","Nutrient nitrogen N (total)","2017","2017","tonnes","8378.31"
"RFN","Fertilizers by Nutrient","137","Mauritius","5157","Agricultural Use","3103","Nutrient phosphate P2O5 (total)","2017","2017","tonnes","4448"
"RFN","Fertilizers by Nutrient","137","Mauritius","5157","Agricultural Use","3104","Nutrient potash K2O (total)","2017","2017","tonnes","6494.7"
"RFN","Fertilizers by Nutrient","138","Mexico","5157","Agricultural Use","3102","Nutrient nitrogen N (total)","2017","2017","tonnes","1455988.93"
"RFN","Fertilizers by Nutrient","138","Mexico","5157","Agricultural Use","3103","Nutrient phosphate P2O5 (total)","2017","2017","tonnes","683973"
"RFN","Fertilizers by Nutrient","138","Mexico","5157","Agricultural Use","3104","Nutrient potash K2O (total)","2017","2017","tonnes","260221.01"
"RFN","Fertilizers by Nutrient","141","Mongolia","5157","Agricultural Use","3102","Nutrient nitrogen N (total)","2017","2017","tonnes","35672.8"
"RFN","Fertilizers by Nutrient","141","Mongolia","5157","Agricultural Use","3103","Nutrient phosphate P2O5 (total)","2017","2017","tonnes","633.75"
"RFN","Fertilizers by Nutrient","141","Mongolia","5157","Agricultural Use","3104","Nutrient potash K2O (total)","2017","2017","tonnes","430.24"
"RFN","Fertilizers by Nutrient","273","Montenegro","5157","Agricultural Use","3102","Nutrient nitrogen N (total)","2017","2017","tonnes","1043.97"
"RFN","Fertilizers by Nutrient","273","Montenegro","5157","Agricultural Use","3103","Nutrient phosphate P2O5 (total)","2017","2017","tonnes","548.99"
"RFN","Fertilizers by Nutrient","273","Montenegro","5157","Agricultural Use","3104","Nutrient potash K2O (total)","2017","2017","tonnes","556.56"
"RFN","Fertilizers by Nutrient","143","Morocco","5157","Agricultural Use","3102","Nutrient nitrogen N (total)","2017","2017","tonnes","248500"
"RFN","Fertilizers by Nutrient","143","Morocco","5157","Agricultural Use","3103","Nutrient phosphate P2O5 (total)","2017","2017","tonnes","158300"
"RFN","Fertilizers by Nutrient","143","Morocco","5157","Agricultural Use","3104","Nutrient potash K2O (total)","2017","2017","tonnes","99039.2"
"RFN","Fertilizers by Nutrient","144","Mozambique","5157","Agricultural Use","3102","Nutrient nitrogen N (total)","2017","2017","tonnes","22609.49"
"RFN","Fertilizers by Nutrient","144","Mozambique","5157","Agricultural Use","3103","Nutrient phosphate P2O5 (total)","2017","2017","tonnes","4187.74"
"RFN","Fertilizers by Nutrient","144","Mozambique","5157","Agricultural Use","3104","Nutrient potash K2O (total)","2017","2017","tonnes","2236.2"
"RFN","Fertilizers by Nutrient","28","Myanmar","5157","Agricultural Use","3102","Nutrient nitrogen N (total)","2017","2017","tonnes","256266.76"
"RFN","Fertilizers by Nutrient","28","Myanmar","5157","Agricultural Use","3103","Nutrient phosphate P2O5 (total)","2017","2017","tonnes","93682.08"
"RFN","Fertilizers by Nutrient","28","Myanmar","5157","Agricultural Use","3104","Nutrient potash K2O (total)","2017","2017","tonnes","78522.63"
"RFN","Fertilizers by Nutrient","147","Namibia","5157","Agricultural Use","3102","Nutrient nitrogen N (total)","2017","2017","tonnes","18840.14"
"RFN","Fertilizers by Nutrient","147","Namibia","5157","Agricultural Use","3103","Nutrient phosphate P2O5 (total)","2017","2017","tonnes","722.05"
"RFN","Fertilizers by Nutrient","147","Namibia","5157","Agricultural Use","3104","Nutrient potash K2O (total)","2017","2017","tonnes","467.3"
"RFN","Fertilizers by Nutrient","148","Nauru","5157","Agricultural Use","3102","Nutrient nitrogen N (total)","2017","2017","tonnes","0"
"RFN","Fertilizers by Nutrient","148","Nauru","5157","Agricultural Use","3103","Nutrient phosphate P2O5 (total)","2017","2017","tonnes","0"
"RFN","Fertilizers by Nutrient","148","Nauru","5157","Agricultural Use","3104","Nutrient potash K2O (total)","2017","2017","tonnes","0"
"RFN","Fertilizers by Nutrient","149","Nepal","5157","Agricultural Use","3102","Nutrient nitrogen N (total)","2017","2017","tonnes","91633.68"
"RFN","Fertilizers by Nutrient","149","Nepal","5157","Agricultural Use","3103","Nutrient phosphate P2O5 (total)","2017","2017","tonnes","40264.72"
"RFN","Fertilizers by Nutrient","149","Nepal","5157","Agricultural Use","3104","Nutrient potash K2O (total)","2017","2017","tonnes","6577"
"RFN","Fertilizers by Nutrient","150","Netherlands","5157","Agricultural Use","3102","Nutrient nitrogen N (total)","2017","2017","tonnes","224363"
"RFN","Fertilizers by Nutrient","150","Netherlands","5157","Agricultural Use","3103","Nutrient phosphate P2O5 (total)","2017","2017","tonnes","12843"
"RFN","Fertilizers by Nutrient","150","Netherlands","5157","Agricultural Use","3104","Nutrient potash K2O (total)","2017","2017","tonnes","64103"
"RFN","Fertilizers by Nutrient","153","New Caledonia","5157","Agricultural Use","3102","Nutrient nitrogen N (total)","2017","2017","tonnes","562"
"RFN","Fertilizers by Nutrient","153","New Caledonia","5157","Agricultural Use","3103","Nutrient phosphate P2O5 (total)","2017","2017","tonnes","396"
"RFN","Fertilizers by Nutrient","153","New Caledonia","5157","Agricultural Use","3104","Nutrient potash K2O (total)","2017","2017","tonnes","528"
"RFN","Fertilizers by Nutrient","156","New Zealand","5157","Agricultural Use","3102","Nutrient nitrogen N (total)","2017","2017","tonnes","443000"
"RFN","Fertilizers by Nutrient","156","New Zealand","5157","Agricultural Use","3103","Nutrient phosphate P2O5 (total)","2017","2017","tonnes","304000"
"RFN","Fertilizers by Nutrient","156","New Zealand","5157","Agricultural Use","3104","Nutrient potash K2O (total)","2017","2017","tonnes","167881.77"
"RFN","Fertilizers by Nutrient","157","Nicaragua","5157","Agricultural Use","3102","Nutrient nitrogen N (total)","2017","2017","tonnes","77641.9"
"RFN","Fertilizers by Nutrient","157","Nicaragua","5157","Agricultural Use","3103","Nutrient phosphate P2O5 (total)","2017","2017","tonnes","22119.87"
"RFN","Fertilizers by Nutrient","157","Nicaragua","5157","Agricultural Use","3104","Nutrient potash K2O (total)","2017","2017","tonnes","28705.33"
"RFN","Fertilizers by Nutrient","158","Niger","5157","Agricultural Use","3102","Nutrient nitrogen N (total)","2017","2017","tonnes","6440.36"
"RFN","Fertilizers by Nutrient","158","Niger","5157","Agricultural Use","3103","Nutrient phosphate P2O5 (total)","2017","2017","tonnes","155.08"
"RFN","Fertilizers by Nutrient","158","Niger","5157","Agricultural Use","3104","Nutrient potash K2O (total)","2017","2017","tonnes","159.68"
"RFN","Fertilizers by Nutrient","159","Nigeria","5157","Agricultural Use","3102","Nutrient nitrogen N (total)","2017","2017","tonnes","456277.47"
"RFN","Fertilizers by Nutrient","159","Nigeria","5157","Agricultural Use","3103","Nutrient phosphate P2O5 (total)","2017","2017","tonnes","126663.35"
"RFN","Fertilizers by Nutrient","159","Nigeria","5157","Agricultural Use","3104","Nutrient potash K2O (total)","2017","2017","tonnes","133099.95"
"RFN","Fertilizers by Nutrient","154","North Macedonia","5157","Agricultural Use","3102","Nutrient nitrogen N (total)","2017","2017","tonnes","20996.66"
"RFN","Fertilizers by Nutrient","154","North Macedonia","5157","Agricultural Use","3103","Nutrient phosphate P2O5 (total)","2017","2017","tonnes","4337.49"
"RFN","Fertilizers by Nutrient","154","North Macedonia","5157","Agricultural Use","3104","Nutrient potash K2O (total)","2017","2017","tonnes","3433.53"
"RFN","Fertilizers by Nutrient","162","Norway","5157","Agricultural Use","3102","Nutrient nitrogen N (total)","2017","2017","tonnes","99318"
"RFN","Fertilizers by Nutrient","162","Norway","5157","Agricultural Use","3103","Nutrient phosphate P2O5 (total)","2017","2017","tonnes","19901"
"RFN","Fertilizers by Nutrient","162","Norway","5157","Agricultural Use","3104","Nutrient potash K2O (total)","2017","2017","tonnes","40144"
"RFN","Fertilizers by Nutrient","221","Oman","5157","Agricultural Use","3102","Nutrient nitrogen N (total)","2017","2017","tonnes","8796.35"
"RFN","Fertilizers by Nutrient","221","Oman","5157","Agricultural Use","3103","Nutrient phosphate P2O5 (total)","2017","2017","tonnes","3447"
"RFN","Fertilizers by Nutrient","221","Oman","5157","Agricultural Use","3104","Nutrient potash K2O (total)","2017","2017","tonnes","10812.42"
"RFN","Fertilizers by Nutrient","165","Pakistan","5157","Agricultural Use","3102","Nutrient nitrogen N (total)","2017","2017","tonnes","3446922"
"RFN","Fertilizers by Nutrient","165","Pakistan","5157","Agricultural Use","3103","Nutrient phosphate P2O5 (total)","2017","2017","tonnes","1257773"
"RFN","Fertilizers by Nutrient","165","Pakistan","5157","Agricultural Use","3104","Nutrient potash K2O (total)","2017","2017","tonnes","54173"
"RFN","Fertilizers by Nutrient","166","Panama","5157","Agricultural Use","3102","Nutrient nitrogen N (total)","2017","2017","tonnes","12002.06"
"RFN","Fertilizers by Nutrient","166","Panama","5157","Agricultural Use","3103","Nutrient phosphate P2O5 (total)","2017","2017","tonnes","11875.23"
"RFN","Fertilizers by Nutrient","166","Panama","5157","Agricultural Use","3104","Nutrient potash K2O (total)","2017","2017","tonnes","9279.28"
"RFN","Fertilizers by Nutrient","168","Papua New Guinea","5157","Agricultural Use","3102","Nutrient nitrogen N (total)","2017","2017","tonnes","26359.01"
"RFN","Fertilizers by Nutrient","168","Papua New Guinea","5157","Agricultural Use","3103","Nutrient phosphate P2O5 (total)","2017","2017","tonnes","2159.17"
"RFN","Fertilizers by Nutrient","168","Papua New Guinea","5157","Agricultural Use","3104","Nutrient potash K2O (total)","2017","2017","tonnes","8463.43"
"RFN","Fertilizers by Nutrient","169","Paraguay","5157","Agricultural Use","3102","Nutrient nitrogen N (total)","2017","2017","tonnes","133803.7"
"RFN","Fertilizers by Nutrient","169","Paraguay","5157","Agricultural Use","3103","Nutrient phosphate P2O5 (total)","2017","2017","tonnes","214123.68"
"RFN","Fertilizers by Nutrient","169","Paraguay","5157","Agricultural Use","3104","Nutrient potash K2O (total)","2017","2017","tonnes","195528.78"
"RFN","Fertilizers by Nutrient","170","Peru","5157","Agricultural Use","3102","Nutrient nitrogen N (total)","2017","2017","tonnes","330068.39"
"RFN","Fertilizers by Nutrient","170","Peru","5157","Agricultural Use","3103","Nutrient phosphate P2O5 (total)","2017","2017","tonnes","100297.88"
"RFN","Fertilizers by Nutrient","170","Peru","5157","Agricultural Use","3104","Nutrient potash K2O (total)","2017","2017","tonnes","109112.5"
"RFN","Fertilizers by Nutrient","171","Philippines","5157","Agricultural Use","3102","Nutrient nitrogen N (total)","2017","2017","tonnes","761288.18"
"RFN","Fertilizers by Nutrient","171","Philippines","5157","Agricultural Use","3103","Nutrient phosphate P2O5 (total)","2017","2017","tonnes","208514.83"
"RFN","Fertilizers by Nutrient","171","Philippines","5157","Agricultural Use","3104","Nutrient potash K2O (total)","2017","2017","tonnes","218623.8"
"RFN","Fertilizers by Nutrient","173","Poland","5157","Agricultural Use","3102","Nutrient nitrogen N (total)","2017","2017","tonnes","1091206"
"RFN","Fertilizers by Nutrient","173","Poland","5157","Agricultural Use","3103","Nutrient phosphate P2O5 (total)","2017","2017","tonnes","334096"
"RFN","Fertilizers by Nutrient","173","Poland","5157","Agricultural Use","3104","Nutrient potash K2O (total)","2017","2017","tonnes","529936"
"RFN","Fertilizers by Nutrient","174","Portugal","5157","Agricultural Use","3102","Nutrient nitrogen N (total)","2017","2017","tonnes","105683.71"
"RFN","Fertilizers by Nutrient","174","Portugal","5157","Agricultural Use","3103","Nutrient phosphate P2O5 (total)","2017","2017","tonnes","54221.81"
"RFN","Fertilizers by Nutrient","174","Portugal","5157","Agricultural Use","3104","Nutrient potash K2O (total)","2017","2017","tonnes","36007.53"
"RFN","Fertilizers by Nutrient","179","Qatar","5157","Agricultural Use","3102","Nutrient nitrogen N (total)","2017","2017","tonnes","1400"
"RFN","Fertilizers by Nutrient","179","Qatar","5157","Agricultural Use","3103","Nutrient phosphate P2O5 (total)","2017","2017","tonnes","500"
"RFN","Fertilizers by Nutrient","179","Qatar","5157","Agricultural Use","3104","Nutrient potash K2O (total)","2017","2017","tonnes","1500"
"RFN","Fertilizers by Nutrient","117","Republic of Korea","5157","Agricultural Use","3102","Nutrient nitrogen N (total)","2017","2017","tonnes","209483.39"
"RFN","Fertilizers by Nutrient","117","Republic of Korea","5157","Agricultural Use","3103","Nutrient phosphate P2O5 (total)","2017","2017","tonnes","140611.75"
"RFN","Fertilizers by Nutrient","117","Republic of Korea","5157","Agricultural Use","3104","Nutrient potash K2O (total)","2017","2017","tonnes","147126.45"
"RFN","Fertilizers by Nutrient","146","Republic of Moldova","5157","Agricultural Use","3102","Nutrient nitrogen N (total)","2017","2017","tonnes","46248.81"
"RFN","Fertilizers by Nutrient","146","Republic of Moldova","5157","Agricultural Use","3103","Nutrient phosphate P2O5 (total)","2017","2017","tonnes","28587.06"
"RFN","Fertilizers by Nutrient","146","Republic of Moldova","5157","Agricultural Use","3104","Nutrient potash K2O (total)","2017","2017","tonnes","9641"
"RFN","Fertilizers by Nutrient","183","Romania","5157","Agricultural Use","3102","Nutrient nitrogen N (total)","2017","2017","tonnes","344311"
"RFN","Fertilizers by Nutrient","183","Romania","5157","Agricultural Use","3103","Nutrient phosphate P2O5 (total)","2017","2017","tonnes","126189"
"RFN","Fertilizers by Nutrient","183","Romania","5157","Agricultural Use","3104","Nutrient potash K2O (total)","2017","2017","tonnes","43626"
"RFN","Fertilizers by Nutrient","185","Russian Federation","5157","Agricultural Use","3102","Nutrient nitrogen N (total)","2017","2017","tonnes","1512795"
"RFN","Fertilizers by Nutrient","185","Russian Federation","5157","Agricultural Use","3103","Nutrient phosphate P2O5 (total)","2017","2017","tonnes","589850"
"RFN","Fertilizers by Nutrient","185","Russian Federation","5157","Agricultural Use","3104","Nutrient potash K2O (total)","2017","2017","tonnes","370271"
"RFN","Fertilizers by Nutrient","184","Rwanda","5157","Agricultural Use","3102","Nutrient nitrogen N (total)","2017","2017","tonnes","4334.06"
"RFN","Fertilizers by Nutrient","184","Rwanda","5157","Agricultural Use","3103","Nutrient phosphate P2O5 (total)","2017","2017","tonnes","6852.09"
"RFN","Fertilizers by Nutrient","184","Rwanda","5157","Agricultural Use","3104","Nutrient potash K2O (total)","2017","2017","tonnes","1318.43"
"RFN","Fertilizers by Nutrient","188","Saint Kitts and Nevis","5157","Agricultural Use","3102","Nutrient nitrogen N (total)","2017","2017","tonnes","12.83"
"RFN","Fertilizers by Nutrient","188","Saint Kitts and Nevis","5157","Agricultural Use","3103","Nutrient phosphate P2O5 (total)","2017","2017","tonnes","9.63"
"RFN","Fertilizers by Nutrient","188","Saint Kitts and Nevis","5157","Agricultural Use","3104","Nutrient potash K2O (total)","2017","2017","tonnes","3.71"
"RFN","Fertilizers by Nutrient","189","Saint Lucia","5157","Agricultural Use","3102","Nutrient nitrogen N (total)","2017","2017","tonnes","125.77"
"RFN","Fertilizers by Nutrient","189","Saint Lucia","5157","Agricultural Use","3103","Nutrient phosphate P2O5 (total)","2017","2017","tonnes","135.8"
"RFN","Fertilizers by Nutrient","189","Saint Lucia","5157","Agricultural Use","3104","Nutrient potash K2O (total)","2017","2017","tonnes","132.25"
"RFN","Fertilizers by Nutrient","244","Samoa","5157","Agricultural Use","3102","Nutrient nitrogen N (total)","2017","2017","tonnes","3.68"
"RFN","Fertilizers by Nutrient","244","Samoa","5157","Agricultural Use","3103","Nutrient phosphate P2O5 (total)","2017","2017","tonnes","3.48"
"RFN","Fertilizers by Nutrient","244","Samoa","5157","Agricultural Use","3104","Nutrient potash K2O (total)","2017","2017","tonnes","4.29"
"RFN","Fertilizers by Nutrient","194","Saudi Arabia","5157","Agricultural Use","3102","Nutrient nitrogen N (total)","2017","2017","tonnes","173300"
"RFN","Fertilizers by Nutrient","194","Saudi Arabia","5157","Agricultural Use","3103","Nutrient phosphate P2O5 (total)","2017","2017","tonnes","95300"
"RFN","Fertilizers by Nutrient","194","Saudi Arabia","5157","Agricultural Use","3104","Nutrient potash K2O (total)","2017","2017","tonnes","10600"
"RFN","Fertilizers by Nutrient","195","Senegal","5157","Agricultural Use","3102","Nutrient nitrogen N (total)","2017","2017","tonnes","37000"
"RFN","Fertilizers by Nutrient","195","Senegal","5157","Agricultural Use","3103","Nutrient phosphate P2O5 (total)","2017","2017","tonnes","20000"
"RFN","Fertilizers by Nutrient","195","Senegal","5157","Agricultural Use","3104","Nutrient potash K2O (total)","2017","2017","tonnes","14200"
"RFN","Fertilizers by Nutrient","272","Serbia","5157","Agricultural Use","3102","Nutrient nitrogen N (total)","2017","2017","tonnes","217317.4"
"RFN","Fertilizers by Nutrient","272","Serbia","5157","Agricultural Use","3103","Nutrient phosphate P2O5 (total)","2017","2017","tonnes","45723.81"
"RFN","Fertilizers by Nutrient","272","Serbia","5157","Agricultural Use","3104","Nutrient potash K2O (total)","2017","2017","tonnes","50701.74"
"RFN","Fertilizers by Nutrient","196","Seychelles","5157","Agricultural Use","3102","Nutrient nitrogen N (total)","2017","2017","tonnes","50.48"
"RFN","Fertilizers by Nutrient","196","Seychelles","5157","Agricultural Use","3103","Nutrient phosphate P2O5 (total)","2017","2017","tonnes","22.03"
"RFN","Fertilizers by Nutrient","196","Seychelles","5157","Agricultural Use","3104","Nutrient potash K2O (total)","2017","2017","tonnes","24.39"
"RFN","Fertilizers by Nutrient","200","Singapore","5157","Agricultural Use","3102","Nutrient nitrogen N (total)","2017","2017","tonnes","0"
"RFN","Fertilizers by Nutrient","200","Singapore","5157","Agricultural Use","3103","Nutrient phosphate P2O5 (total)","2017","2017","tonnes","587.45"
"RFN","Fertilizers by Nutrient","200","Singapore","5157","Agricultural Use","3104","Nutrient potash K2O (total)","2017","2017","tonnes","0"
"RFN","Fertilizers by Nutrient","199","Slovakia","5157","Agricultural Use","3102","Nutrient nitrogen N (total)","2017","2017","tonnes","122541.15"
"RFN","Fertilizers by Nutrient","199","Slovakia","5157","Agricultural Use","3103","Nutrient phosphate P2O5 (total)","2017","2017","tonnes","23207.62"
"RFN","Fertilizers by Nutrient","199","Slovakia","5157","Agricultural Use","3104","Nutrient potash K2O (total)","2017","2017","tonnes","17676.69"
"RFN","Fertilizers by Nutrient","198","Slovenia","5157","Agricultural Use","3102","Nutrient nitrogen N (total)","2017","2017","tonnes","27083.91"
"RFN","Fertilizers by Nutrient","198","Slovenia","5157","Agricultural Use","3103","Nutrient phosphate P2O5 (total)","2017","2017","tonnes","9132.72"
"RFN","Fertilizers by Nutrient","198","Slovenia","5157","Agricultural Use","3104","Nutrient potash K2O (total)","2017","2017","tonnes","11062.93"
"RFN","Fertilizers by Nutrient","202","South Africa","5157","Agricultural Use","3102","Nutrient nitrogen N (total)","2017","2017","tonnes","470000"
"RFN","Fertilizers by Nutrient","202","South Africa","5157","Agricultural Use","3103","Nutrient phosphate P2O5 (total)","2017","2017","tonnes","268000"
"RFN","Fertilizers by Nutrient","202","South Africa","5157","Agricultural Use","3104","Nutrient potash K2O (total)","2017","2017","tonnes","136000"
"RFN","Fertilizers by Nutrient","203","Spain","5157","Agricultural Use","3102","Nutrient nitrogen N (total)","2017","2017","tonnes","1079321"
"RFN","Fertilizers by Nutrient","203","Spain","5157","Agricultural Use","3103","Nutrient phosphate P2O5 (total)","2017","2017","tonnes","436452"
"RFN","Fertilizers by Nutrient","203","Spain","5157","Agricultural Use","3104","Nutrient potash K2O (total)","2017","2017","tonnes","389629"
"RFN","Fertilizers by Nutrient","38","Sri Lanka","5157","Agricultural Use","3102","Nutrient nitrogen N (total)","2017","2017","tonnes","109729.92"
"RFN","Fertilizers by Nutrient","38","Sri Lanka","5157","Agricultural Use","3103","Nutrient phosphate P2O5 (total)","2017","2017","tonnes","19459.77"
"RFN","Fertilizers by Nutrient","38","Sri Lanka","5157","Agricultural Use","3104","Nutrient potash K2O (total)","2017","2017","tonnes","25793.37"
"RFN","Fertilizers by Nutrient","276","Sudan","5157","Agricultural Use","3102","Nutrient nitrogen N (total)","2017","2017","tonnes","163914.54"
"RFN","Fertilizers by Nutrient","276","Sudan","5157","Agricultural Use","3103","Nutrient phosphate P2O5 (total)","2017","2017","tonnes","4717.3"
"RFN","Fertilizers by Nutrient","276","Sudan","5157","Agricultural Use","3104","Nutrient potash K2O (total)","2017","2017","tonnes","3894.48"
"RFN","Fertilizers by Nutrient","207","Suriname","5157","Agricultural Use","3102","Nutrient nitrogen N (total)","2017","2017","tonnes","12417.12"
"RFN","Fertilizers by Nutrient","207","Suriname","5157","Agricultural Use","3103","Nutrient phosphate P2O5 (total)","2017","2017","tonnes","1398.07"
"RFN","Fertilizers by Nutrient","207","Suriname","5157","Agricultural Use","3104","Nutrient potash K2O (total)","2017","2017","tonnes","1264.53"
"RFN","Fertilizers by Nutrient","210","Sweden","5157","Agricultural Use","3102","Nutrient nitrogen N (total)","2017","2017","tonnes","198459.65"
"RFN","Fertilizers by Nutrient","210","Sweden","5157","Agricultural Use","3103","Nutrient phosphate P2O5 (total)","2017","2017","tonnes","32954.64"
"RFN","Fertilizers by Nutrient","210","Sweden","5157","Agricultural Use","3104","Nutrient potash K2O (total)","2017","2017","tonnes","36791"
"RFN","Fertilizers by Nutrient","211","Switzerland","5157","Agricultural Use","3102","Nutrient nitrogen N (total)","2017","2017","tonnes","48560.43"
"RFN","Fertilizers by Nutrient","211","Switzerland","5157","Agricultural Use","3103","Nutrient phosphate P2O5 (total)","2017","2017","tonnes","13617.59"
"RFN","Fertilizers by Nutrient","211","Switzerland","5157","Agricultural Use","3104","Nutrient potash K2O (total)","2017","2017","tonnes","17414.15"
"RFN","Fertilizers by Nutrient","212","Syrian Arab Republic","5157","Agricultural Use","3102","Nutrient nitrogen N (total)","2017","2017","tonnes","7479.89"
"RFN","Fertilizers by Nutrient","212","Syrian Arab Republic","5157","Agricultural Use","3103","Nutrient phosphate P2O5 (total)","2017","2017","tonnes","3409.99"
"RFN","Fertilizers by Nutrient","212","Syrian Arab Republic","5157","Agricultural Use","3104","Nutrient potash K2O (total)","2017","2017","tonnes","5395.23"
"RFN","Fertilizers by Nutrient","208","Tajikistan","5157","Agricultural Use","3102","Nutrient nitrogen N (total)","2017","2017","tonnes","7937.29"
"RFN","Fertilizers by Nutrient","208","Tajikistan","5157","Agricultural Use","3103","Nutrient phosphate P2O5 (total)","2017","2017","tonnes","5948.88"
"RFN","Fertilizers by Nutrient","208","Tajikistan","5157","Agricultural Use","3104","Nutrient potash K2O (total)","2017","2017","tonnes","962.75"
"RFN","Fertilizers by Nutrient","216","Thailand","5157","Agricultural Use","3102","Nutrient nitrogen N (total)","2017","2017","tonnes","1726741.59"
"RFN","Fertilizers by Nutrient","216","Thailand","5157","Agricultural Use","3103","Nutrient phosphate P2O5 (total)","2017","2017","tonnes","425026.11"
"RFN","Fertilizers by Nutrient","216","Thailand","5157","Agricultural Use","3104","Nutrient potash K2O (total)","2017","2017","tonnes","647574.15"
"RFN","Fertilizers by Nutrient","217","Togo","5157","Agricultural Use","3102","Nutrient nitrogen N (total)","2017","2017","tonnes","4270.16"
"RFN","Fertilizers by Nutrient","217","Togo","5157","Agricultural Use","3103","Nutrient phosphate P2O5 (total)","2017","2017","tonnes","381.32"
"RFN","Fertilizers by Nutrient","217","Togo","5157","Agricultural Use","3104","Nutrient potash K2O (total)","2017","2017","tonnes","10663.9"
"RFN","Fertilizers by Nutrient","219","Tonga","5157","Agricultural Use","3102","Nutrient nitrogen N (total)","2017","2017","tonnes","113.19"
"RFN","Fertilizers by Nutrient","219","Tonga","5157","Agricultural Use","3103","Nutrient phosphate P2O5 (total)","2017","2017","tonnes","45.66"
"RFN","Fertilizers by Nutrient","219","Tonga","5157","Agricultural Use","3104","Nutrient potash K2O (total)","2017","2017","tonnes","78.09"
"RFN","Fertilizers by Nutrient","220","Trinidad and Tobago","5157","Agricultural Use","3102","Nutrient nitrogen N (total)","2017","2017","tonnes","6500"
"RFN","Fertilizers by Nutrient","220","Trinidad and Tobago","5157","Agricultural Use","3103","Nutrient phosphate P2O5 (total)","2017","2017","tonnes","500"
"RFN","Fertilizers by Nutrient","220","Trinidad and Tobago","5157","Agricultural Use","3104","Nutrient potash K2O (total)","2017","2017","tonnes","2100"
"RFN","Fertilizers by Nutrient","222","Tunisia","5157","Agricultural Use","3102","Nutrient nitrogen N (total)","2017","2017","tonnes","71800"
"RFN","Fertilizers by Nutrient","222","Tunisia","5157","Agricultural Use","3103","Nutrient phosphate P2O5 (total)","2017","2017","tonnes","37600"
"RFN","Fertilizers by Nutrient","222","Tunisia","5157","Agricultural Use","3104","Nutrient potash K2O (total)","2017","2017","tonnes","5700"
"RFN","Fertilizers by Nutrient","223","Turkey","5157","Agricultural Use","3102","Nutrient nitrogen N (total)","2017","2017","tonnes","1764638"
"RFN","Fertilizers by Nutrient","223","Turkey","5157","Agricultural Use","3103","Nutrient phosphate P2O5 (total)","2017","2017","tonnes","754750"
"RFN","Fertilizers by Nutrient","223","Turkey","5157","Agricultural Use","3104","Nutrient potash K2O (total)","2017","2017","tonnes","124945"
"RFN","Fertilizers by Nutrient","226","Uganda","5157","Agricultural Use","3102","Nutrient nitrogen N (total)","2017","2017","tonnes","7607.73"
"RFN","Fertilizers by Nutrient","226","Uganda","5157","Agricultural Use","3103","Nutrient phosphate P2O5 (total)","2017","2017","tonnes","3962.26"
"RFN","Fertilizers by Nutrient","226","Uganda","5157","Agricultural Use","3104","Nutrient potash K2O (total)","2017","2017","tonnes","2658.43"
"RFN","Fertilizers by Nutrient","230","Ukraine","5157","Agricultural Use","3102","Nutrient nitrogen N (total)","2017","2017","tonnes","1365310"
"RFN","Fertilizers by Nutrient","230","Ukraine","5157","Agricultural Use","3103","Nutrient phosphate P2O5 (total)","2017","2017","tonnes","363430"
"RFN","Fertilizers by Nutrient","230","Ukraine","5157","Agricultural Use","3104","Nutrient potash K2O (total)","2017","2017","tonnes","299340"
"RFN","Fertilizers by Nutrient","225","United Arab Emirates","5157","Agricultural Use","3102","Nutrient nitrogen N (total)","2017","2017","tonnes","15146.37"
"RFN","Fertilizers by Nutrient","225","United Arab Emirates","5157","Agricultural Use","3103","Nutrient phosphate P2O5 (total)","2017","2017","tonnes","4150.96"
"RFN","Fertilizers by Nutrient","225","United Arab Emirates","5157","Agricultural Use","3104","Nutrient potash K2O (total)","2017","2017","tonnes","12230.96"
"RFN","Fertilizers by Nutrient","229","United Kingdom of Great Britain and Northern Ireland","5157","Agricultural Use","3102","Nutrient nitrogen N (total)","2017","2017","tonnes","1041000"
"RFN","Fertilizers by Nutrient","229","United Kingdom of Great Britain and Northern Ireland","5157","Agricultural Use","3103","Nutrient phosphate P2O5 (total)","2017","2017","tonnes","195000"
"RFN","Fertilizers by Nutrient","229","United Kingdom of Great Britain and Northern Ireland","5157","Agricultural Use","3104","Nutrient potash K2O (total)","2017","2017","tonnes","276000"
"RFN","Fertilizers by Nutrient","215","United Republic of Tanzania","5157","Agricultural Use","3102","Nutrient nitrogen N (total)","2017","2017","tonnes","106012.11"
"RFN","Fertilizers by Nutrient","215","United Republic of Tanzania","5157","Agricultural Use","3103","Nutrient phosphate P2O5 (total)","2017","2017","tonnes","46566.23"
"RFN","Fertilizers by Nutrient","215","United Republic of Tanzania","5157","Agricultural Use","3104","Nutrient potash K2O (total)","2017","2017","tonnes","11037.68"
"RFN","Fertilizers by Nutrient","231","United States of America","5157","Agricultural Use","3102","Nutrient nitrogen N (total)","2017","2017","tonnes","11772482.82"
"RFN","Fertilizers by Nutrient","231","United States of America","5157","Agricultural Use","3103","Nutrient phosphate P2O5 (total)","2017","2017","tonnes","4173489.7"
"RFN","Fertilizers by Nutrient","231","United States of America","5157","Agricultural Use","3104","Nutrient potash K2O (total)","2017","2017","tonnes","4873865.03"
"RFN","Fertilizers by Nutrient","234","Uruguay","5157","Agricultural Use","3102","Nutrient nitrogen N (total)","2017","2017","tonnes","155489.09"
"RFN","Fertilizers by Nutrient","234","Uruguay","5157","Agricultural Use","3103","Nutrient phosphate P2O5 (total)","2017","2017","tonnes","142423.64"
"RFN","Fertilizers by Nutrient","234","Uruguay","5157","Agricultural Use","3104","Nutrient potash K2O (total)","2017","2017","tonnes","45361.34"
"RFN","Fertilizers by Nutrient","235","Uzbekistan","5157","Agricultural Use","3102","Nutrient nitrogen N (total)","2017","2017","tonnes","721316"
"RFN","Fertilizers by Nutrient","235","Uzbekistan","5157","Agricultural Use","3103","Nutrient phosphate P2O5 (total)","2017","2017","tonnes","225826"
"RFN","Fertilizers by Nutrient","235","Uzbekistan","5157","Agricultural Use","3104","Nutrient potash K2O (total)","2017","2017","tonnes","76752"
"RFN","Fertilizers by Nutrient","236","Venezuela (Bolivarian Republic of)","5157","Agricultural Use","3102","Nutrient nitrogen N (total)","2017","2017","tonnes","260600"
"RFN","Fertilizers by Nutrient","236","Venezuela (Bolivarian Republic of)","5157","Agricultural Use","3103","Nutrient phosphate P2O5 (total)","2017","2017","tonnes","92200"
"RFN","Fertilizers by Nutrient","236","Venezuela (Bolivarian Republic of)","5157","Agricultural Use","3104","Nutrient potash K2O (total)","2017","2017","tonnes","108100"
"RFN","Fertilizers by Nutrient","237","Viet Nam","5157","Agricultural Use","3102","Nutrient nitrogen N (total)","2017","2017","tonnes","1563255.78"
"RFN","Fertilizers by Nutrient","237","Viet Nam","5157","Agricultural Use","3103","Nutrient phosphate P2O5 (total)","2017","2017","tonnes","873003.55"
"RFN","Fertilizers by Nutrient","237","Viet Nam","5157","Agricultural Use","3104","Nutrient potash K2O (total)","2017","2017","tonnes","764285.52"
"RFN","Fertilizers by Nutrient","249","Yemen","5157","Agricultural Use","3102","Nutrient nitrogen N (total)","2017","2017","tonnes","13199.25"
"RFN","Fertilizers by Nutrient","249","Yemen","5157","Agricultural Use","3103","Nutrient phosphate P2O5 (total)","2017","2017","tonnes","930.77"
"RFN","Fertilizers by Nutrient","249","Yemen","5157","Agricultural Use","3104","Nutrient potash K2O (total)","2017","2017","tonnes","677.48"
"RFN","Fertilizers by Nutrient","251","Zambia","5157","Agricultural Use","3102","Nutrient nitrogen N (total)","2017","2017","tonnes","210689.85"
"RFN","Fertilizers by Nutrient","251","Zambia","5157","Agricultural Use","3103","Nutrient phosphate P2O5 (total)","2017","2017","tonnes","37342.68"
"RFN","Fertilizers by Nutrient","251","Zambia","5157","Agricultural Use","3104","Nutrient potash K2O (total)","2017","2017","tonnes","25768.55"
"RFN","Fertilizers by Nutrient","181","Zimbabwe","5157","Agricultural Use","3102","Nutrient nitrogen N (total)","2017","2017","tonnes","65000"
"RFN","Fertilizers by Nutrient","181","Zimbabwe","5157","Agricultural Use","3103","Nutrient phosphate P2O5 (total)","2017","2017","tonnes","48400"
"RFN","Fertilizers by Nutrient","181","Zimbabwe","5157","Agricultural Use","3104","Nutrient potash K2O (total)","2017","2017","tonnes","40000"
